SET SERVEROUTPUT ON SIZE UNLIMITED
SET DEFINE OFF
DECLARE
    TYPE t_arr IS TABLE OF VARCHAR2(10) INDEX BY PLS_INTEGER;
    v_tk_admin VARCHAR2(10); v_tk_bdh t_arr; v_tk_tnv t_arr;
    v_dt_ids t_arr; v_loai_ids t_arr; v_cd_ids t_arr;
    v_cv_ids t_arr; v_tg_ids t_arr; v_pc_ids t_arr;
    v_tmp VARCHAR2(10); v_tmp2 VARCHAR2(10);
    v_tn_ids t_arr; v_ma_phieu VARCHAR2(10);
BEGIN
    -- 0A. DISABLE TẤT CA TRIGGERS TRUOC KHI XOA
    EXECUTE IMMEDIATE 'ALTER TRIGGER TRG_CHANXOA_CHIENDICH DISABLE';
    EXECUTE IMMEDIATE 'ALTER TRIGGER TRG_KIEMTRA_THOIGIAN DISABLE';
    EXECUTE IMMEDIATE 'ALTER TRIGGER TRG_KIEMTRA_TRUNG_LICH DISABLE';
    EXECUTE IMMEDIATE 'ALTER TRIGGER TRG_KIEMTRA_SOLUONG_DANGKY DISABLE';
    DELETE FROM ThongBao;
    DELETE FROM TheoDoi;
    DELETE FROM BinhLuan;
    DELETE FROM GiayChungNhan;
    DELETE FROM DiemDanh;
    DELETE FROM PhanCong;
    DELETE FROM ThamGiaTNV;
    DELETE FROM ThanhToan;
    DELETE FROM QuyenGopTien;
    DELETE FROM TaiTro;
    DELETE FROM ChiTieu;
    DELETE FROM MinhChungChiTieu;
    DELETE FROM ChiTietXuatVP;
    DELETE FROM PhieuXuatVatPham;
    DELETE FROM ChiTietQuyenGopVP;
    DELETE FROM PhieuQuyenGopVP;
    DELETE FROM KhoChienDich;
    DELETE FROM CongViec;
    DELETE FROM TinTuc;
    DELETE FROM DuyetChienDich;
    DELETE FROM BanDieuHanh;
    DELETE FROM ChienDich;
    DELETE FROM HoSoSinhVien;
    DELETE FROM NhatKyHeThong;
    DELETE FROM TaiKhoan;
    DELETE FROM DoiTac;
    DELETE FROM LoaiVatPham;
    DELETE FROM ThamSo;
    DBMS_OUTPUT.PUT_LINE('>> Cleanup: OK');
    INSERT INTO ThamSo(TenThamSo,GiaTri,GhiChu) VALUES('TUOI_TOI_THIEU','16','Tuoi toi thieu');
    INSERT INTO ThamSo(TenThamSo,GiaTri,GhiChu) VALUES('SO_NHIEM_VU_TOI_DA','5','Max nhiem vu');
    INSERT INTO ThamSo(TenThamSo,GiaTri,GhiChu) VALUES('GIO_CONG_MAC_DINH','8','Gio min chung nhan');
    INSERT INTO ThamSo(TenThamSo,GiaTri,GhiChu) VALUES('DIEM_XUAT_SAC','9','Diem XuatSac');
    INSERT INTO ThamSo(TenThamSo,GiaTri,GhiChu) VALUES('GIO_XUAT_SAC','40','Gio XuatSac');
    INSERT INTO ThamSo(TenThamSo,GiaTri,GhiChu) VALUES('DIEM_TOT','7','Diem Tot');
    INSERT INTO ThamSo(TenThamSo,GiaTri,GhiChu) VALUES('GIO_TOT','30','Gio Tot');
    INSERT INTO ThamSo(TenThamSo,GiaTri,GhiChu) VALUES('DIEM_KHA','5','Diem Kha');
    INSERT INTO ThamSo(TenThamSo,GiaTri,GhiChu) VALUES('GIO_KHA','20','Gio Kha');
    INSERT INTO ThamSo(TenThamSo,GiaTri,GhiChu) VALUES('NGUONG_TON_KHO_CANH_BAO','10','Nguong canh bao kho');
    INSERT INTO TaiKhoan(TenDangNhap,MatKhau,Email,VaiTro,TrangThai) VALUES('admin','Admin@123','admin@hssv.vnuhcm.edu.vn','BanQuanLy','HoatDong') RETURNING MaTaiKhoan INTO v_tk_admin;
    INSERT INTO HoSoSinhVien(MaTaiKhoan,HoTen,MSSV,NgaySinh,GioiTinh,Khoa,Lop,SoDienThoai,DiaChi) VALUES(v_tk_admin,N'Admin HSSV','AD000',DATE '1990-01-01',N'Nam',N'Ban Quan Ly','Admin','0901000000',N'DHQG-HCM');
    INSERT INTO TaiKhoan(TenDangNhap,MatKhau,Email,VaiTro,TrangThai) VALUES('bdh01','Bdh01@123','bdh01@hssv.vnuhcm.edu.vn','BanDieuHanh','HoatDong') RETURNING MaTaiKhoan INTO v_tmp; v_tk_bdh(1):=v_tmp;
    INSERT INTO HoSoSinhVien(MaTaiKhoan,HoTen,MSSV,NgaySinh,GioiTinh,Khoa,Lop,SoDienThoai,DiaChi) VALUES(v_tmp,N'Tran Hoai Nam','DH001',DATE '2000-01-01',N'Nam',N'Hoi Sinh Vien','BCH','0912001001',N'TP.HCM');
    INSERT INTO TaiKhoan(TenDangNhap,MatKhau,Email,VaiTro,TrangThai) VALUES('bdh02','Bdh02@123','bdh02@hssv.vnuhcm.edu.vn','BanDieuHanh','HoatDong') RETURNING MaTaiKhoan INTO v_tmp; v_tk_bdh(2):=v_tmp;
    INSERT INTO HoSoSinhVien(MaTaiKhoan,HoTen,MSSV,NgaySinh,GioiTinh,Khoa,Lop,SoDienThoai,DiaChi) VALUES(v_tmp,N'Nguyen Thi Bich Phuong','DH002',DATE '2000-01-01',N'Nam',N'Hoi Sinh Vien','BCH','0912001002',N'TP.HCM');
    INSERT INTO TaiKhoan(TenDangNhap,MatKhau,Email,VaiTro,TrangThai) VALUES('bdh03','Bdh03@123','bdh03@hssv.vnuhcm.edu.vn','BanDieuHanh','HoatDong') RETURNING MaTaiKhoan INTO v_tmp; v_tk_bdh(3):=v_tmp;
    INSERT INTO HoSoSinhVien(MaTaiKhoan,HoTen,MSSV,NgaySinh,GioiTinh,Khoa,Lop,SoDienThoai,DiaChi) VALUES(v_tmp,N'Le Quang Trung','DH003',DATE '2000-01-01',N'Nam',N'Hoi Sinh Vien','BCH','0912001003',N'TP.HCM');
    INSERT INTO TaiKhoan(TenDangNhap,MatKhau,Email,VaiTro,TrangThai) VALUES('bdh04','Bdh04@123','bdh04@hssv.vnuhcm.edu.vn','BanDieuHanh','HoatDong') RETURNING MaTaiKhoan INTO v_tmp; v_tk_bdh(4):=v_tmp;
    INSERT INTO HoSoSinhVien(MaTaiKhoan,HoTen,MSSV,NgaySinh,GioiTinh,Khoa,Lop,SoDienThoai,DiaChi) VALUES(v_tmp,N'Pham Thi Ngoc Han','DH004',DATE '2000-01-01',N'Nam',N'Hoi Sinh Vien','BCH','0912001004',N'TP.HCM');
    INSERT INTO TaiKhoan(TenDangNhap,MatKhau,Email,VaiTro,TrangThai) VALUES('bdh05','Bdh05@123','bdh05@hssv.vnuhcm.edu.vn','BanDieuHanh','HoatDong') RETURNING MaTaiKhoan INTO v_tmp; v_tk_bdh(5):=v_tmp;
    INSERT INTO HoSoSinhVien(MaTaiKhoan,HoTen,MSSV,NgaySinh,GioiTinh,Khoa,Lop,SoDienThoai,DiaChi) VALUES(v_tmp,N'Vo Minh Hieu','DH005',DATE '2000-01-01',N'Nam',N'Hoi Sinh Vien','BCH','0912001005',N'TP.HCM');
    INSERT INTO TaiKhoan(TenDangNhap,MatKhau,Email,VaiTro,TrangThai) VALUES('bdh06','Bdh06@123','bdh06@hssv.vnuhcm.edu.vn','BanDieuHanh','HoatDong') RETURNING MaTaiKhoan INTO v_tmp; v_tk_bdh(6):=v_tmp;
    INSERT INTO HoSoSinhVien(MaTaiKhoan,HoTen,MSSV,NgaySinh,GioiTinh,Khoa,Lop,SoDienThoai,DiaChi) VALUES(v_tmp,N'Do Thi Thanh Tam','DH006',DATE '2000-01-01',N'Nam',N'Hoi Sinh Vien','BCH','0912001006',N'TP.HCM');
    INSERT INTO TaiKhoan(TenDangNhap,MatKhau,Email,VaiTro,TrangThai) VALUES('bdh07','Bdh07@123','bdh07@hssv.vnuhcm.edu.vn','BanDieuHanh','HoatDong') RETURNING MaTaiKhoan INTO v_tmp; v_tk_bdh(7):=v_tmp;
    INSERT INTO HoSoSinhVien(MaTaiKhoan,HoTen,MSSV,NgaySinh,GioiTinh,Khoa,Lop,SoDienThoai,DiaChi) VALUES(v_tmp,N'Hoang Van Thinh','DH007',DATE '2000-01-01',N'Nam',N'Hoi Sinh Vien','BCH','0912001007',N'TP.HCM');
    INSERT INTO TaiKhoan(TenDangNhap,MatKhau,Email,VaiTro,TrangThai) VALUES('bdh08','Bdh08@123','bdh08@hssv.vnuhcm.edu.vn','BanDieuHanh','HoatDong') RETURNING MaTaiKhoan INTO v_tmp; v_tk_bdh(8):=v_tmp;
    INSERT INTO HoSoSinhVien(MaTaiKhoan,HoTen,MSSV,NgaySinh,GioiTinh,Khoa,Lop,SoDienThoai,DiaChi) VALUES(v_tmp,N'Truong Thi Kim Ngan','DH008',DATE '2000-01-01',N'Nam',N'Hoi Sinh Vien','BCH','0912001008',N'TP.HCM');
    INSERT INTO TaiKhoan(TenDangNhap,MatKhau,Email,VaiTro,TrangThai) VALUES('bdh09','Bdh09@123','bdh09@hssv.vnuhcm.edu.vn','BanDieuHanh','HoatDong') RETURNING MaTaiKhoan INTO v_tmp; v_tk_bdh(9):=v_tmp;
    INSERT INTO HoSoSinhVien(MaTaiKhoan,HoTen,MSSV,NgaySinh,GioiTinh,Khoa,Lop,SoDienThoai,DiaChi) VALUES(v_tmp,N'Ngo Quoc Toan','DH009',DATE '2000-01-01',N'Nam',N'Hoi Sinh Vien','BCH','0912001009',N'TP.HCM');
    INSERT INTO TaiKhoan(TenDangNhap,MatKhau,Email,VaiTro,TrangThai) VALUES('bdh10','Bdh10@123','bdh10@hssv.vnuhcm.edu.vn','BanDieuHanh','HoatDong') RETURNING MaTaiKhoan INTO v_tmp; v_tk_bdh(10):=v_tmp;
    INSERT INTO HoSoSinhVien(MaTaiKhoan,HoTen,MSSV,NgaySinh,GioiTinh,Khoa,Lop,SoDienThoai,DiaChi) VALUES(v_tmp,N'Ly Thi Anh Tuyet','DH010',DATE '2000-01-01',N'Nam',N'Hoi Sinh Vien','BCH','0912001010',N'TP.HCM');
    INSERT INTO TaiKhoan(TenDangNhap,MatKhau,Email,VaiTro,TrangThai) VALUES('tnv01','Tnv01@123','22520001@gm.uit.edu.vn','TinhNguyenVien','HoatDong') RETURNING MaTaiKhoan INTO v_tmp; v_tk_tnv(1):=v_tmp;
    INSERT INTO HoSoSinhVien(MaTaiKhoan,HoTen,MSSV,NgaySinh,GioiTinh,Khoa,Lop,SoDienThoai,DiaChi) VALUES(v_tmp,N'Nguyen Minh Khoa','22520001',DATE '2004-01-01',N'Nu',N'Khoa CNTT','KTPM','0988101001',N'KTX Khu A DHQG-HCM');
    INSERT INTO TaiKhoan(TenDangNhap,MatKhau,Email,VaiTro,TrangThai) VALUES('tnv02','Tnv02@123','22520002@gm.uit.edu.vn','TinhNguyenVien','HoatDong') RETURNING MaTaiKhoan INTO v_tmp; v_tk_tnv(2):=v_tmp;
    INSERT INTO HoSoSinhVien(MaTaiKhoan,HoTen,MSSV,NgaySinh,GioiTinh,Khoa,Lop,SoDienThoai,DiaChi) VALUES(v_tmp,N'Tran Thi Lan Anh','22520002',DATE '2004-01-01',N'Nu',N'Khoa CNTT','KTPM','0988101002',N'KTX Khu A DHQG-HCM');
    INSERT INTO TaiKhoan(TenDangNhap,MatKhau,Email,VaiTro,TrangThai) VALUES('tnv03','Tnv03@123','22520003@gm.uit.edu.vn','TinhNguyenVien','HoatDong') RETURNING MaTaiKhoan INTO v_tmp; v_tk_tnv(3):=v_tmp;
    INSERT INTO HoSoSinhVien(MaTaiKhoan,HoTen,MSSV,NgaySinh,GioiTinh,Khoa,Lop,SoDienThoai,DiaChi) VALUES(v_tmp,N'Le Van Hung','22520003',DATE '2004-01-01',N'Nu',N'Khoa CNTT','KTPM','0988101003',N'KTX Khu A DHQG-HCM');
    INSERT INTO TaiKhoan(TenDangNhap,MatKhau,Email,VaiTro,TrangThai) VALUES('tnv04','Tnv04@123','22520004@gm.uit.edu.vn','TinhNguyenVien','HoatDong') RETURNING MaTaiKhoan INTO v_tmp; v_tk_tnv(4):=v_tmp;
    INSERT INTO HoSoSinhVien(MaTaiKhoan,HoTen,MSSV,NgaySinh,GioiTinh,Khoa,Lop,SoDienThoai,DiaChi) VALUES(v_tmp,N'Pham Thi Thu Ha','22520004',DATE '2004-01-01',N'Nu',N'Khoa CNTT','KTPM','0988101004',N'KTX Khu A DHQG-HCM');
    INSERT INTO TaiKhoan(TenDangNhap,MatKhau,Email,VaiTro,TrangThai) VALUES('tnv05','Tnv05@123','22520005@gm.uit.edu.vn','TinhNguyenVien','HoatDong') RETURNING MaTaiKhoan INTO v_tmp; v_tk_tnv(5):=v_tmp;
    INSERT INTO HoSoSinhVien(MaTaiKhoan,HoTen,MSSV,NgaySinh,GioiTinh,Khoa,Lop,SoDienThoai,DiaChi) VALUES(v_tmp,N'Hoang Duc Manh','22520005',DATE '2004-01-01',N'Nu',N'Khoa CNTT','KTPM','0988101005',N'KTX Khu A DHQG-HCM');
    INSERT INTO TaiKhoan(TenDangNhap,MatKhau,Email,VaiTro,TrangThai) VALUES('tnv06','Tnv06@123','22520006@gm.uit.edu.vn','TinhNguyenVien','HoatDong') RETURNING MaTaiKhoan INTO v_tmp; v_tk_tnv(6):=v_tmp;
    INSERT INTO HoSoSinhVien(MaTaiKhoan,HoTen,MSSV,NgaySinh,GioiTinh,Khoa,Lop,SoDienThoai,DiaChi) VALUES(v_tmp,N'Vu Thi Ngoc Mai','22520006',DATE '2004-01-01',N'Nu',N'Khoa CNTT','KTPM','0988101006',N'KTX Khu A DHQG-HCM');
    INSERT INTO TaiKhoan(TenDangNhap,MatKhau,Email,VaiTro,TrangThai) VALUES('tnv07','Tnv07@123','22520007@gm.uit.edu.vn','TinhNguyenVien','HoatDong') RETURNING MaTaiKhoan INTO v_tmp; v_tk_tnv(7):=v_tmp;
    INSERT INTO HoSoSinhVien(MaTaiKhoan,HoTen,MSSV,NgaySinh,GioiTinh,Khoa,Lop,SoDienThoai,DiaChi) VALUES(v_tmp,N'Dang Van Tung','22520007',DATE '2004-01-01',N'Nu',N'Khoa CNTT','KTPM','0988101007',N'KTX Khu A DHQG-HCM');
    INSERT INTO TaiKhoan(TenDangNhap,MatKhau,Email,VaiTro,TrangThai) VALUES('tnv08','Tnv08@123','22520008@gm.uit.edu.vn','TinhNguyenVien','HoatDong') RETURNING MaTaiKhoan INTO v_tmp; v_tk_tnv(8):=v_tmp;
    INSERT INTO HoSoSinhVien(MaTaiKhoan,HoTen,MSSV,NgaySinh,GioiTinh,Khoa,Lop,SoDienThoai,DiaChi) VALUES(v_tmp,N'Bui Thi Kim Chi','22520008',DATE '2004-01-01',N'Nu',N'Khoa CNTT','KTPM','0988101008',N'KTX Khu A DHQG-HCM');
    INSERT INTO TaiKhoan(TenDangNhap,MatKhau,Email,VaiTro,TrangThai) VALUES('tnv09','Tnv09@123','22520009@gm.uit.edu.vn','TinhNguyenVien','HoatDong') RETURNING MaTaiKhoan INTO v_tmp; v_tk_tnv(9):=v_tmp;
    INSERT INTO HoSoSinhVien(MaTaiKhoan,HoTen,MSSV,NgaySinh,GioiTinh,Khoa,Lop,SoDienThoai,DiaChi) VALUES(v_tmp,N'Ngo Van Binh','22520009',DATE '2004-01-01',N'Nu',N'Khoa CNTT','KTPM','0988101009',N'KTX Khu A DHQG-HCM');
    INSERT INTO TaiKhoan(TenDangNhap,MatKhau,Email,VaiTro,TrangThai) VALUES('tnv10','Tnv10@123','22520010@gm.uit.edu.vn','TinhNguyenVien','HoatDong') RETURNING MaTaiKhoan INTO v_tmp; v_tk_tnv(10):=v_tmp;
    INSERT INTO HoSoSinhVien(MaTaiKhoan,HoTen,MSSV,NgaySinh,GioiTinh,Khoa,Lop,SoDienThoai,DiaChi) VALUES(v_tmp,N'Ly Thi Hong Nhung','22520010',DATE '2004-01-01',N'Nu',N'Khoa CNTT','KTPM','0988101010',N'KTX Khu A DHQG-HCM');
    INSERT INTO TaiKhoan(TenDangNhap,MatKhau,Email,VaiTro,TrangThai) VALUES('tnv11','Tnv11@123','22520011@gm.uit.edu.vn','TinhNguyenVien','HoatDong') RETURNING MaTaiKhoan INTO v_tmp; v_tk_tnv(11):=v_tmp;
    INSERT INTO HoSoSinhVien(MaTaiKhoan,HoTen,MSSV,NgaySinh,GioiTinh,Khoa,Lop,SoDienThoai,DiaChi) VALUES(v_tmp,N'Phan Van Dung','22520011',DATE '2004-01-01',N'Nu',N'Khoa CNTT','KTPM','0988101011',N'KTX Khu A DHQG-HCM');
    INSERT INTO TaiKhoan(TenDangNhap,MatKhau,Email,VaiTro,TrangThai) VALUES('tnv12','Tnv12@123','22520012@gm.uit.edu.vn','TinhNguyenVien','HoatDong') RETURNING MaTaiKhoan INTO v_tmp; v_tk_tnv(12):=v_tmp;
    INSERT INTO HoSoSinhVien(MaTaiKhoan,HoTen,MSSV,NgaySinh,GioiTinh,Khoa,Lop,SoDienThoai,DiaChi) VALUES(v_tmp,N'Truong Thi Thao','22520012',DATE '2004-01-01',N'Nu',N'Khoa CNTT','KTPM','0988101012',N'KTX Khu A DHQG-HCM');
    INSERT INTO TaiKhoan(TenDangNhap,MatKhau,Email,VaiTro,TrangThai) VALUES('tnv13','Tnv13@123','22520013@gm.uit.edu.vn','TinhNguyenVien','HoatDong') RETURNING MaTaiKhoan INTO v_tmp; v_tk_tnv(13):=v_tmp;
    INSERT INTO HoSoSinhVien(MaTaiKhoan,HoTen,MSSV,NgaySinh,GioiTinh,Khoa,Lop,SoDienThoai,DiaChi) VALUES(v_tmp,N'Dinh Quang Huy','22520013',DATE '2004-01-01',N'Nu',N'Khoa CNTT','KTPM','0988101013',N'KTX Khu A DHQG-HCM');
    INSERT INTO TaiKhoan(TenDangNhap,MatKhau,Email,VaiTro,TrangThai) VALUES('tnv14','Tnv14@123','22520014@gm.uit.edu.vn','TinhNguyenVien','HoatDong') RETURNING MaTaiKhoan INTO v_tmp; v_tk_tnv(14):=v_tmp;
    INSERT INTO HoSoSinhVien(MaTaiKhoan,HoTen,MSSV,NgaySinh,GioiTinh,Khoa,Lop,SoDienThoai,DiaChi) VALUES(v_tmp,N'Mai Thi Phuong','22520014',DATE '2004-01-01',N'Nu',N'Khoa CNTT','KTPM','0988101014',N'KTX Khu A DHQG-HCM');
    INSERT INTO TaiKhoan(TenDangNhap,MatKhau,Email,VaiTro,TrangThai) VALUES('tnv15','Tnv15@123','22520015@gm.uit.edu.vn','TinhNguyenVien','HoatDong') RETURNING MaTaiKhoan INTO v_tmp; v_tk_tnv(15):=v_tmp;
    INSERT INTO HoSoSinhVien(MaTaiKhoan,HoTen,MSSV,NgaySinh,GioiTinh,Khoa,Lop,SoDienThoai,DiaChi) VALUES(v_tmp,N'Chu Van Dat','22520015',DATE '2004-01-01',N'Nu',N'Khoa CNTT','KTPM','0988101015',N'KTX Khu A DHQG-HCM');
    INSERT INTO TaiKhoan(TenDangNhap,MatKhau,Email,VaiTro,TrangThai) VALUES('tnv16','Tnv16@123','22520016@gm.uit.edu.vn','TinhNguyenVien','HoatDong') RETURNING MaTaiKhoan INTO v_tmp; v_tk_tnv(16):=v_tmp;
    INSERT INTO HoSoSinhVien(MaTaiKhoan,HoTen,MSSV,NgaySinh,GioiTinh,Khoa,Lop,SoDienThoai,DiaChi) VALUES(v_tmp,N'Vo Thi Cam Tu','22520016',DATE '2004-01-01',N'Nu',N'Khoa CNTT','KTPM','0988101016',N'KTX Khu A DHQG-HCM');
    INSERT INTO TaiKhoan(TenDangNhap,MatKhau,Email,VaiTro,TrangThai) VALUES('tnv17','Tnv17@123','22520017@gm.uit.edu.vn','TinhNguyenVien','HoatDong') RETURNING MaTaiKhoan INTO v_tmp; v_tk_tnv(17):=v_tmp;
    INSERT INTO HoSoSinhVien(MaTaiKhoan,HoTen,MSSV,NgaySinh,GioiTinh,Khoa,Lop,SoDienThoai,DiaChi) VALUES(v_tmp,N'Duong Minh Tuan','22520017',DATE '2004-01-01',N'Nu',N'Khoa CNTT','KTPM','0988101017',N'KTX Khu A DHQG-HCM');
    INSERT INTO TaiKhoan(TenDangNhap,MatKhau,Email,VaiTro,TrangThai) VALUES('tnv18','Tnv18@123','22520018@gm.uit.edu.vn','TinhNguyenVien','HoatDong') RETURNING MaTaiKhoan INTO v_tmp; v_tk_tnv(18):=v_tmp;
    INSERT INTO HoSoSinhVien(MaTaiKhoan,HoTen,MSSV,NgaySinh,GioiTinh,Khoa,Lop,SoDienThoai,DiaChi) VALUES(v_tmp,N'Ho Thi Thanh Thao','22520018',DATE '2004-01-01',N'Nu',N'Khoa CNTT','KTPM','0988101018',N'KTX Khu A DHQG-HCM');
    INSERT INTO TaiKhoan(TenDangNhap,MatKhau,Email,VaiTro,TrangThai) VALUES('tnv19','Tnv19@123','22520019@gm.uit.edu.vn','TinhNguyenVien','HoatDong') RETURNING MaTaiKhoan INTO v_tmp; v_tk_tnv(19):=v_tmp;
    INSERT INTO HoSoSinhVien(MaTaiKhoan,HoTen,MSSV,NgaySinh,GioiTinh,Khoa,Lop,SoDienThoai,DiaChi) VALUES(v_tmp,N'Luu Van Khai','22520019',DATE '2004-01-01',N'Nu',N'Khoa CNTT','KTPM','0988101019',N'KTX Khu A DHQG-HCM');
    INSERT INTO TaiKhoan(TenDangNhap,MatKhau,Email,VaiTro,TrangThai) VALUES('tnv20','Tnv20@123','22520020@gm.uit.edu.vn','TinhNguyenVien','HoatDong') RETURNING MaTaiKhoan INTO v_tmp; v_tk_tnv(20):=v_tmp;
    INSERT INTO HoSoSinhVien(MaTaiKhoan,HoTen,MSSV,NgaySinh,GioiTinh,Khoa,Lop,SoDienThoai,DiaChi) VALUES(v_tmp,N'Ta Thi Bich Ngoc','22520020',DATE '2004-01-01',N'Nu',N'Khoa CNTT','KTPM','0988101020',N'KTX Khu A DHQG-HCM');
    INSERT INTO TaiKhoan(TenDangNhap,MatKhau,Email,VaiTro,TrangThai) VALUES('tnv21','Tnv21@123','22520021@gm.uit.edu.vn','TinhNguyenVien','HoatDong') RETURNING MaTaiKhoan INTO v_tmp; v_tk_tnv(21):=v_tmp;
    INSERT INTO HoSoSinhVien(MaTaiKhoan,HoTen,MSSV,NgaySinh,GioiTinh,Khoa,Lop,SoDienThoai,DiaChi) VALUES(v_tmp,N'Tran Van Phuc','22520021',DATE '2004-01-01',N'Nu',N'Khoa CNTT','KTPM','0988101021',N'KTX Khu A DHQG-HCM');
    INSERT INTO TaiKhoan(TenDangNhap,MatKhau,Email,VaiTro,TrangThai) VALUES('tnv22','Tnv22@123','22520022@gm.uit.edu.vn','TinhNguyenVien','HoatDong') RETURNING MaTaiKhoan INTO v_tmp; v_tk_tnv(22):=v_tmp;
    INSERT INTO HoSoSinhVien(MaTaiKhoan,HoTen,MSSV,NgaySinh,GioiTinh,Khoa,Lop,SoDienThoai,DiaChi) VALUES(v_tmp,N'Nguyen Thi Dieu Linh','22520022',DATE '2004-01-01',N'Nu',N'Khoa CNTT','KTPM','0988101022',N'KTX Khu A DHQG-HCM');
    INSERT INTO TaiKhoan(TenDangNhap,MatKhau,Email,VaiTro,TrangThai) VALUES('tnv23','Tnv23@123','22520023@gm.uit.edu.vn','TinhNguyenVien','HoatDong') RETURNING MaTaiKhoan INTO v_tmp; v_tk_tnv(23):=v_tmp;
    INSERT INTO HoSoSinhVien(MaTaiKhoan,HoTen,MSSV,NgaySinh,GioiTinh,Khoa,Lop,SoDienThoai,DiaChi) VALUES(v_tmp,N'Do Quoc Hung','22520023',DATE '2004-01-01',N'Nu',N'Khoa CNTT','KTPM','0988101023',N'KTX Khu A DHQG-HCM');
    INSERT INTO TaiKhoan(TenDangNhap,MatKhau,Email,VaiTro,TrangThai) VALUES('tnv24','Tnv24@123','22520024@gm.uit.edu.vn','TinhNguyenVien','HoatDong') RETURNING MaTaiKhoan INTO v_tmp; v_tk_tnv(24):=v_tmp;
    INSERT INTO HoSoSinhVien(MaTaiKhoan,HoTen,MSSV,NgaySinh,GioiTinh,Khoa,Lop,SoDienThoai,DiaChi) VALUES(v_tmp,N'Cao Thi Thu Trang','22520024',DATE '2004-01-01',N'Nu',N'Khoa CNTT','KTPM','0988101024',N'KTX Khu A DHQG-HCM');
    INSERT INTO TaiKhoan(TenDangNhap,MatKhau,Email,VaiTro,TrangThai) VALUES('tnv25','Tnv25@123','22520025@gm.uit.edu.vn','TinhNguyenVien','HoatDong') RETURNING MaTaiKhoan INTO v_tmp; v_tk_tnv(25):=v_tmp;
    INSERT INTO HoSoSinhVien(MaTaiKhoan,HoTen,MSSV,NgaySinh,GioiTinh,Khoa,Lop,SoDienThoai,DiaChi) VALUES(v_tmp,N'Huynh Van Tai','22520025',DATE '2004-01-01',N'Nu',N'Khoa CNTT','KTPM','0988101025',N'KTX Khu A DHQG-HCM');
    INSERT INTO TaiKhoan(TenDangNhap,MatKhau,Email,VaiTro,TrangThai) VALUES('tnv26','Tnv26@123','22520026@gm.uit.edu.vn','TinhNguyenVien','HoatDong') RETURNING MaTaiKhoan INTO v_tmp; v_tk_tnv(26):=v_tmp;
    INSERT INTO HoSoSinhVien(MaTaiKhoan,HoTen,MSSV,NgaySinh,GioiTinh,Khoa,Lop,SoDienThoai,DiaChi) VALUES(v_tmp,N'Tran Thi Bao Chau','22520026',DATE '2004-01-01',N'Nu',N'Khoa CNTT','KTPM','0988101026',N'KTX Khu A DHQG-HCM');
    INSERT INTO TaiKhoan(TenDangNhap,MatKhau,Email,VaiTro,TrangThai) VALUES('tnv27','Tnv27@123','22520027@gm.uit.edu.vn','TinhNguyenVien','HoatDong') RETURNING MaTaiKhoan INTO v_tmp; v_tk_tnv(27):=v_tmp;
    INSERT INTO HoSoSinhVien(MaTaiKhoan,HoTen,MSSV,NgaySinh,GioiTinh,Khoa,Lop,SoDienThoai,DiaChi) VALUES(v_tmp,N'Kieu Minh Nhat','22520027',DATE '2004-01-01',N'Nu',N'Khoa CNTT','KTPM','0988101027',N'KTX Khu A DHQG-HCM');
    INSERT INTO TaiKhoan(TenDangNhap,MatKhau,Email,VaiTro,TrangThai) VALUES('tnv28','Tnv28@123','22520028@gm.uit.edu.vn','TinhNguyenVien','HoatDong') RETURNING MaTaiKhoan INTO v_tmp; v_tk_tnv(28):=v_tmp;
    INSERT INTO HoSoSinhVien(MaTaiKhoan,HoTen,MSSV,NgaySinh,GioiTinh,Khoa,Lop,SoDienThoai,DiaChi) VALUES(v_tmp,N'Vo Thi Ha My','22520028',DATE '2004-01-01',N'Nu',N'Khoa CNTT','KTPM','0988101028',N'KTX Khu A DHQG-HCM');
    INSERT INTO TaiKhoan(TenDangNhap,MatKhau,Email,VaiTro,TrangThai) VALUES('tnv29','Tnv29@123','22520029@gm.uit.edu.vn','TinhNguyenVien','HoatDong') RETURNING MaTaiKhoan INTO v_tmp; v_tk_tnv(29):=v_tmp;
    INSERT INTO HoSoSinhVien(MaTaiKhoan,HoTen,MSSV,NgaySinh,GioiTinh,Khoa,Lop,SoDienThoai,DiaChi) VALUES(v_tmp,N'Le Hoang Nam','22520029',DATE '2004-01-01',N'Nu',N'Khoa CNTT','KTPM','0988101029',N'KTX Khu A DHQG-HCM');
    INSERT INTO TaiKhoan(TenDangNhap,MatKhau,Email,VaiTro,TrangThai) VALUES('tnv30','Tnv30@123','22520030@gm.uit.edu.vn','TinhNguyenVien','HoatDong') RETURNING MaTaiKhoan INTO v_tmp; v_tk_tnv(30):=v_tmp;
    INSERT INTO HoSoSinhVien(MaTaiKhoan,HoTen,MSSV,NgaySinh,GioiTinh,Khoa,Lop,SoDienThoai,DiaChi) VALUES(v_tmp,N'Phan Thi Kim Dung','22520030',DATE '2004-01-01',N'Nu',N'Khoa CNTT','KTPM','0988101030',N'KTX Khu A DHQG-HCM');
    INSERT INTO TaiKhoan(TenDangNhap,MatKhau,Email,VaiTro,TrangThai) VALUES('tnv31','Tnv31@123','22520031@gm.uit.edu.vn','TinhNguyenVien','HoatDong') RETURNING MaTaiKhoan INTO v_tmp; v_tk_tnv(31):=v_tmp;
    INSERT INTO HoSoSinhVien(MaTaiKhoan,HoTen,MSSV,NgaySinh,GioiTinh,Khoa,Lop,SoDienThoai,DiaChi) VALUES(v_tmp,N'Nguyen Quang Vinh','22520031',DATE '2004-01-01',N'Nu',N'Khoa CNTT','KTPM','0988101031',N'KTX Khu A DHQG-HCM');
    INSERT INTO TaiKhoan(TenDangNhap,MatKhau,Email,VaiTro,TrangThai) VALUES('tnv32','Tnv32@123','22520032@gm.uit.edu.vn','TinhNguyenVien','HoatDong') RETURNING MaTaiKhoan INTO v_tmp; v_tk_tnv(32):=v_tmp;
    INSERT INTO HoSoSinhVien(MaTaiKhoan,HoTen,MSSV,NgaySinh,GioiTinh,Khoa,Lop,SoDienThoai,DiaChi) VALUES(v_tmp,N'Dinh Thi Phuc An','22520032',DATE '2004-01-01',N'Nu',N'Khoa CNTT','KTPM','0988101032',N'KTX Khu A DHQG-HCM');
    INSERT INTO TaiKhoan(TenDangNhap,MatKhau,Email,VaiTro,TrangThai) VALUES('tnv33','Tnv33@123','22520033@gm.uit.edu.vn','TinhNguyenVien','HoatDong') RETURNING MaTaiKhoan INTO v_tmp; v_tk_tnv(33):=v_tmp;
    INSERT INTO HoSoSinhVien(MaTaiKhoan,HoTen,MSSV,NgaySinh,GioiTinh,Khoa,Lop,SoDienThoai,DiaChi) VALUES(v_tmp,N'Bui Van Cuong','22520033',DATE '2004-01-01',N'Nu',N'Khoa CNTT','KTPM','0988101033',N'KTX Khu A DHQG-HCM');
    INSERT INTO TaiKhoan(TenDangNhap,MatKhau,Email,VaiTro,TrangThai) VALUES('tnv34','Tnv34@123','22520034@gm.uit.edu.vn','TinhNguyenVien','HoatDong') RETURNING MaTaiKhoan INTO v_tmp; v_tk_tnv(34):=v_tmp;
    INSERT INTO HoSoSinhVien(MaTaiKhoan,HoTen,MSSV,NgaySinh,GioiTinh,Khoa,Lop,SoDienThoai,DiaChi) VALUES(v_tmp,N'Le Thi My Hanh','22520034',DATE '2004-01-01',N'Nu',N'Khoa CNTT','KTPM','0988101034',N'KTX Khu A DHQG-HCM');
    INSERT INTO TaiKhoan(TenDangNhap,MatKhau,Email,VaiTro,TrangThai) VALUES('tnv35','Tnv35@123','22520035@gm.uit.edu.vn','TinhNguyenVien','HoatDong') RETURNING MaTaiKhoan INTO v_tmp; v_tk_tnv(35):=v_tmp;
    INSERT INTO HoSoSinhVien(MaTaiKhoan,HoTen,MSSV,NgaySinh,GioiTinh,Khoa,Lop,SoDienThoai,DiaChi) VALUES(v_tmp,N'To Minh Duc','22520035',DATE '2004-01-01',N'Nu',N'Khoa CNTT','KTPM','0988101035',N'KTX Khu A DHQG-HCM');
    INSERT INTO TaiKhoan(TenDangNhap,MatKhau,Email,VaiTro,TrangThai) VALUES('tnv36','Tnv36@123','22520036@gm.uit.edu.vn','TinhNguyenVien','HoatDong') RETURNING MaTaiKhoan INTO v_tmp; v_tk_tnv(36):=v_tmp;
    INSERT INTO HoSoSinhVien(MaTaiKhoan,HoTen,MSSV,NgaySinh,GioiTinh,Khoa,Lop,SoDienThoai,DiaChi) VALUES(v_tmp,N'Hua Thi Ngoc Tuyen','22520036',DATE '2004-01-01',N'Nu',N'Khoa CNTT','KTPM','0988101036',N'KTX Khu A DHQG-HCM');
    INSERT INTO TaiKhoan(TenDangNhap,MatKhau,Email,VaiTro,TrangThai) VALUES('tnv37','Tnv37@123','22520037@gm.uit.edu.vn','TinhNguyenVien','HoatDong') RETURNING MaTaiKhoan INTO v_tmp; v_tk_tnv(37):=v_tmp;
    INSERT INTO HoSoSinhVien(MaTaiKhoan,HoTen,MSSV,NgaySinh,GioiTinh,Khoa,Lop,SoDienThoai,DiaChi) VALUES(v_tmp,N'Pham Van Khanh','22520037',DATE '2004-01-01',N'Nu',N'Khoa CNTT','KTPM','0988101037',N'KTX Khu A DHQG-HCM');
    INSERT INTO TaiKhoan(TenDangNhap,MatKhau,Email,VaiTro,TrangThai) VALUES('tnv38','Tnv38@123','22520038@gm.uit.edu.vn','TinhNguyenVien','HoatDong') RETURNING MaTaiKhoan INTO v_tmp; v_tk_tnv(38):=v_tmp;
    INSERT INTO HoSoSinhVien(MaTaiKhoan,HoTen,MSSV,NgaySinh,GioiTinh,Khoa,Lop,SoDienThoai,DiaChi) VALUES(v_tmp,N'Doan Thi Lan Chi','22520038',DATE '2004-01-01',N'Nu',N'Khoa CNTT','KTPM','0988101038',N'KTX Khu A DHQG-HCM');
    INSERT INTO TaiKhoan(TenDangNhap,MatKhau,Email,VaiTro,TrangThai) VALUES('tnv39','Tnv39@123','22520039@gm.uit.edu.vn','TinhNguyenVien','HoatDong') RETURNING MaTaiKhoan INTO v_tmp; v_tk_tnv(39):=v_tmp;
    INSERT INTO HoSoSinhVien(MaTaiKhoan,HoTen,MSSV,NgaySinh,GioiTinh,Khoa,Lop,SoDienThoai,DiaChi) VALUES(v_tmp,N'Ha Van Long','22520039',DATE '2004-01-01',N'Nu',N'Khoa CNTT','KTPM','0988101039',N'KTX Khu A DHQG-HCM');
    INSERT INTO TaiKhoan(TenDangNhap,MatKhau,Email,VaiTro,TrangThai) VALUES('tnv40','Tnv40@123','22520040@gm.uit.edu.vn','TinhNguyenVien','HoatDong') RETURNING MaTaiKhoan INTO v_tmp; v_tk_tnv(40):=v_tmp;
    INSERT INTO HoSoSinhVien(MaTaiKhoan,HoTen,MSSV,NgaySinh,GioiTinh,Khoa,Lop,SoDienThoai,DiaChi) VALUES(v_tmp,N'Nguyen Thi Yen Nhi','22520040',DATE '2004-01-01',N'Nu',N'Khoa CNTT','KTPM','0988101040',N'KTX Khu A DHQG-HCM');
    INSERT INTO DoiTac(TenDoiTac,LinhVuc,SoDienThoai,Email,DiaChi) VALUES(N'Hoi Sinh Vien DHQG-HCM',N'To chuc sinh vien','02838647256','hsv@vnuhcm.edu.vn',N'Linh Trung, Thu Duc') RETURNING MaDoiTac INTO v_tmp; v_dt_ids(1):=v_tmp;
    INSERT INTO DoiTac(TenDoiTac,LinhVuc,SoDienThoai,Email,DiaChi) VALUES(N'Ngan hang Agribank',N'Tai tro tai chinh','02838960123','dongsg@agribank.com.vn',N'TP.Thu Duc') RETURNING MaDoiTac INTO v_tmp; v_dt_ids(2):=v_tmp;
    INSERT INTO DoiTac(TenDoiTac,LinhVuc,SoDienThoai,Email,DiaChi) VALUES(N'Cong ty Vinamilk',N'Tai tro nhu yeu pham','02854155555','cskh@vinamilk.com.vn',N'Quan 7, TP.HCM') RETURNING MaDoiTac INTO v_tmp; v_dt_ids(3):=v_tmp;
    INSERT INTO LoaiVatPham(TenLoai,DonViTinh,SoLuongTon) VALUES(N'Ao Mua He Xanh',N'Cai',0) RETURNING MaLoai INTO v_tmp; v_loai_ids(1):=v_tmp;
    INSERT INTO LoaiVatPham(TenLoai,DonViTinh,SoLuongTon) VALUES(N'Non tai beo',N'Cai',0) RETURNING MaLoai INTO v_tmp; v_loai_ids(2):=v_tmp;
    INSERT INTO LoaiVatPham(TenLoai,DonViTinh,SoLuongTon) VALUES(N'Nuoc suoi dong chai',N'Thung',0) RETURNING MaLoai INTO v_tmp; v_loai_ids(3):=v_tmp;
    INSERT INTO LoaiVatPham(TenLoai,DonViTinh,SoLuongTon) VALUES(N'Sua hop Vinamilk',N'Thung',0) RETURNING MaLoai INTO v_tmp; v_loai_ids(4):=v_tmp;
    INSERT INTO LoaiVatPham(TenLoai,DonViTinh,SoLuongTon) VALUES(N'Ao am mua dong',N'Cai',0) RETURNING MaLoai INTO v_tmp; v_loai_ids(5):=v_tmp;
    INSERT INTO LoaiVatPham(TenLoai,DonViTinh,SoLuongTon) VALUES(N'Mi goi',N'Thung',0) RETURNING MaLoai INTO v_tmp; v_loai_ids(6):=v_tmp;
    INSERT INTO LoaiVatPham(TenLoai,DonViTinh,SoLuongTon) VALUES(N'Ao phao cuu sinh',N'Cai',0) RETURNING MaLoai INTO v_tmp; v_loai_ids(7):=v_tmp;
    INSERT INTO LoaiVatPham(TenLoai,DonViTinh,SoLuongTon) VALUES(N'Thuoc men co ban',N'Hop',0) RETURNING MaLoai INTO v_tmp; v_loai_ids(8):=v_tmp;
    INSERT INTO LoaiVatPham(TenLoai,DonViTinh,SoLuongTon) VALUES(N'Cay giong',N'Cay',0) RETURNING MaLoai INTO v_tmp; v_loai_ids(9):=v_tmp;
    INSERT INTO LoaiVatPham(TenLoai,DonViTinh,SoLuongTon) VALUES(N'Phan bon',N'Bao',0) RETURNING MaLoai INTO v_tmp; v_loai_ids(10):=v_tmp;
    INSERT INTO LoaiVatPham(TenLoai,DonViTinh,SoLuongTon) VALUES(N'Chan bong',N'Cai',0) RETURNING MaLoai INTO v_tmp; v_loai_ids(11):=v_tmp;
    INSERT INTO LoaiVatPham(TenLoai,DonViTinh,SoLuongTon) VALUES(N'Tat am',N'Doi',0) RETURNING MaLoai INTO v_tmp; v_loai_ids(12):=v_tmp;
    INSERT INTO ChienDich(TenChienDich,NgayBatDau,NgayKetThuc,MoTa,SoLuongTNVToiDa,MucTieuTien,TrangThai,MaNguoiTao,GioToiThieuCN,DiemThuong) VALUES(N'Xuan Tinh Nguyen 2024',DATE '2024-01-15',DATE '2024-02-10',N'Mo ta Xuan Tinh Nguyen 2024',20,20000000,'DaKetThuc',v_tk_bdh(1),4,1) RETURNING MaChienDich INTO v_tmp; v_cd_ids(1):=v_tmp;
    INSERT INTO BanDieuHanh(MaTaiKhoan,MaChienDich) VALUES(v_tk_bdh(1),v_tmp);
    INSERT INTO DuyetChienDich(MaChienDich,MaNguoiDuyet,TrangThai,NgayDuyet) VALUES(v_tmp,v_tk_admin,'DaDuyet',DATE '2024-01-15');
    INSERT INTO TinTuc(MaChienDich,TieuDe,NoiDung,MaNguoiDang) VALUES(v_tmp,N'Phat dong Xuan Tinh Nguyen 2024',N'Noi dung tin tuc',v_tk_bdh(1)) RETURNING MaTinTuc INTO v_tn_ids(1);
    INSERT INTO CongViec(MaChienDich,TenCongViec,SoLuongTNVCan,ThoiGianBatDau,ThoiGianKetThuc) VALUES(v_tmp,N'Cong viec 1 - Xuan Tinh Nguyen 2024',7,TIMESTAMP '2024-01-15 07:00:00',TIMESTAMP '2024-02-10 18:00:00') RETURNING MaCongViec INTO v_tmp2; v_cv_ids(1):=v_tmp2;
    INSERT INTO CongViec(MaChienDich,TenCongViec,SoLuongTNVCan,ThoiGianBatDau,ThoiGianKetThuc) VALUES(v_tmp,N'Cong viec 2 - Xuan Tinh Nguyen 2024',7,TIMESTAMP '2024-01-15 07:00:00',TIMESTAMP '2024-02-10 18:00:00') RETURNING MaCongViec INTO v_tmp2; v_cv_ids(2):=v_tmp2;
    INSERT INTO CongViec(MaChienDich,TenCongViec,SoLuongTNVCan,ThoiGianBatDau,ThoiGianKetThuc) VALUES(v_tmp,N'Cong viec 3 - Xuan Tinh Nguyen 2024',7,TIMESTAMP '2024-01-15 07:00:00',TIMESTAMP '2024-02-10 18:00:00') RETURNING MaCongViec INTO v_tmp2; v_cv_ids(3):=v_tmp2;
    INSERT INTO ChienDich(TenChienDich,NgayBatDau,NgayKetThuc,MoTa,SoLuongTNVToiDa,MucTieuTien,TrangThai,MaNguoiTao,GioToiThieuCN,DiemThuong) VALUES(N'Mua He Xanh 2024',DATE '2024-07-01',DATE '2024-08-01',N'Mo ta Mua He Xanh 2024',25,100000000,'DaKetThuc',v_tk_bdh(2),4,3) RETURNING MaChienDich INTO v_tmp; v_cd_ids(2):=v_tmp;
    INSERT INTO BanDieuHanh(MaTaiKhoan,MaChienDich) VALUES(v_tk_bdh(2),v_tmp);
    INSERT INTO DuyetChienDich(MaChienDich,MaNguoiDuyet,TrangThai,NgayDuyet) VALUES(v_tmp,v_tk_admin,'DaDuyet',DATE '2024-07-01');
    INSERT INTO TinTuc(MaChienDich,TieuDe,NoiDung,MaNguoiDang) VALUES(v_tmp,N'Phat dong Mua He Xanh 2024',N'Noi dung tin tuc',v_tk_bdh(2)) RETURNING MaTinTuc INTO v_tn_ids(2);
    INSERT INTO CongViec(MaChienDich,TenCongViec,SoLuongTNVCan,ThoiGianBatDau,ThoiGianKetThuc) VALUES(v_tmp,N'Lam duong be tong nong thon',9,TIMESTAMP '2024-07-01 07:00:00',TIMESTAMP '2024-08-01 18:00:00') RETURNING MaCongViec INTO v_tmp2; v_cv_ids(4):=v_tmp2;
    INSERT INTO CongViec(MaChienDich,TenCongViec,SoLuongTNVCan,ThoiGianBatDau,ThoiGianKetThuc) VALUES(v_tmp,N'Day hoc he cho tre em',9,TIMESTAMP '2024-07-01 07:00:00',TIMESTAMP '2024-08-01 18:00:00') RETURNING MaCongViec INTO v_tmp2; v_cv_ids(5):=v_tmp2;
    INSERT INTO CongViec(MaChienDich,TenCongViec,SoLuongTNVCan,ThoiGianBatDau,ThoiGianKetThuc) VALUES(v_tmp,N'Son sua nha tinh thuong',9,TIMESTAMP '2024-07-01 07:00:00',TIMESTAMP '2024-08-01 18:00:00') RETURNING MaCongViec INTO v_tmp2; v_cv_ids(6):=v_tmp2;
    INSERT INTO ChienDich(TenChienDich,NgayBatDau,NgayKetThuc,MoTa,SoLuongTNVToiDa,MucTieuTien,TrangThai,MaNguoiTao,GioToiThieuCN,DiemThuong) VALUES(N'Tiep Suc Mua Thi 2024',DATE '2024-06-25',DATE '2024-07-05',N'Mo ta Tiep Suc Mua Thi 2024',20,25000000,'DaKetThuc',v_tk_bdh(3),4,2) RETURNING MaChienDich INTO v_tmp; v_cd_ids(3):=v_tmp;
    INSERT INTO BanDieuHanh(MaTaiKhoan,MaChienDich) VALUES(v_tk_bdh(3),v_tmp);
    INSERT INTO DuyetChienDich(MaChienDich,MaNguoiDuyet,TrangThai,NgayDuyet) VALUES(v_tmp,v_tk_admin,'DaDuyet',DATE '2024-06-25');
    INSERT INTO TinTuc(MaChienDich,TieuDe,NoiDung,MaNguoiDang) VALUES(v_tmp,N'Phat dong Tiep Suc Mua Thi 2024',N'Noi dung tin tuc',v_tk_bdh(3)) RETURNING MaTinTuc INTO v_tn_ids(3);
    INSERT INTO CongViec(MaChienDich,TenCongViec,SoLuongTNVCan,ThoiGianBatDau,ThoiGianKetThuc) VALUES(v_tmp,N'Dan duong va ho tro thi sinh',7,TIMESTAMP '2024-06-25 07:00:00',TIMESTAMP '2024-07-05 18:00:00') RETURNING MaCongViec INTO v_tmp2; v_cv_ids(7):=v_tmp2;
    INSERT INTO CongViec(MaChienDich,TenCongViec,SoLuongTNVCan,ThoiGianBatDau,ThoiGianKetThuc) VALUES(v_tmp,N'Phat nuoc va com hop',7,TIMESTAMP '2024-06-25 07:00:00',TIMESTAMP '2024-07-05 18:00:00') RETURNING MaCongViec INTO v_tmp2; v_cv_ids(8):=v_tmp2;
    INSERT INTO CongViec(MaChienDich,TenCongViec,SoLuongTNVCan,ThoiGianBatDau,ThoiGianKetThuc) VALUES(v_tmp,N'Dieu tiet giao thong',7,TIMESTAMP '2024-06-25 07:00:00',TIMESTAMP '2024-07-05 18:00:00') RETURNING MaCongViec INTO v_tmp2; v_cv_ids(9):=v_tmp2;
    INSERT INTO ChienDich(TenChienDich,NgayBatDau,NgayKetThuc,MoTa,SoLuongTNVToiDa,MucTieuTien,TrangThai,MaNguoiTao,GioToiThieuCN,DiemThuong) VALUES(N'Chu Nhat Xanh dot 1/2024',DATE '2024-03-10',DATE '2024-03-10',N'Mo ta Chu Nhat Xanh dot 1/2024',15,5000000,'DaKetThuc',v_tk_bdh(4),4,1) RETURNING MaChienDich INTO v_tmp; v_cd_ids(4):=v_tmp;
    INSERT INTO BanDieuHanh(MaTaiKhoan,MaChienDich) VALUES(v_tk_bdh(4),v_tmp);
    INSERT INTO DuyetChienDich(MaChienDich,MaNguoiDuyet,TrangThai,NgayDuyet) VALUES(v_tmp,v_tk_admin,'DaDuyet',DATE '2024-03-10');
    INSERT INTO TinTuc(MaChienDich,TieuDe,NoiDung,MaNguoiDang) VALUES(v_tmp,N'Phat dong Chu Nhat Xanh dot 1/2024',N'Noi dung tin tuc',v_tk_bdh(4)) RETURNING MaTinTuc INTO v_tn_ids(4);
    INSERT INTO CongViec(MaChienDich,TenCongViec,SoLuongTNVCan,ThoiGianBatDau,ThoiGianKetThuc) VALUES(v_tmp,N'Trong cay giong',6,TIMESTAMP '2024-03-10 07:00:00',TIMESTAMP '2024-03-10 18:00:00') RETURNING MaCongViec INTO v_tmp2; v_cv_ids(10):=v_tmp2;
    INSERT INTO CongViec(MaChienDich,TenCongViec,SoLuongTNVCan,ThoiGianBatDau,ThoiGianKetThuc) VALUES(v_tmp,N'Bon phan va tuoi nuoc',6,TIMESTAMP '2024-03-10 07:00:00',TIMESTAMP '2024-03-10 18:00:00') RETURNING MaCongViec INTO v_tmp2; v_cv_ids(11):=v_tmp2;
    INSERT INTO CongViec(MaChienDich,TenCongViec,SoLuongTNVCan,ThoiGianBatDau,ThoiGianKetThuc) VALUES(v_tmp,N'Don rac ho Da',6,TIMESTAMP '2024-03-10 07:00:00',TIMESTAMP '2024-03-10 18:00:00') RETURNING MaCongViec INTO v_tmp2; v_cv_ids(12):=v_tmp2;
    INSERT INTO ChienDich(TenChienDich,NgayBatDau,NgayKetThuc,MoTa,SoLuongTNVToiDa,MucTieuTien,TrangThai,MaNguoiTao,GioToiThieuCN,DiemThuong) VALUES(N'Hien Mau Nhan Dao 2024',DATE '2024-04-14',DATE '2024-04-14',N'Mo ta Hien Mau Nhan Dao 2024',15,10000000,'DaKetThuc',v_tk_bdh(5),4,1) RETURNING MaChienDich INTO v_tmp; v_cd_ids(5):=v_tmp;
    INSERT INTO BanDieuHanh(MaTaiKhoan,MaChienDich) VALUES(v_tk_bdh(5),v_tmp);
    INSERT INTO DuyetChienDich(MaChienDich,MaNguoiDuyet,TrangThai,NgayDuyet) VALUES(v_tmp,v_tk_admin,'DaDuyet',DATE '2024-04-14');
    INSERT INTO TinTuc(MaChienDich,TieuDe,NoiDung,MaNguoiDang) VALUES(v_tmp,N'Phat dong Hien Mau Nhan Dao 2024',N'Noi dung tin tuc',v_tk_bdh(5)) RETURNING MaTinTuc INTO v_tn_ids(5);
    INSERT INTO CongViec(MaChienDich,TenCongViec,SoLuongTNVCan,ThoiGianBatDau,ThoiGianKetThuc) VALUES(v_tmp,N'Cong viec 1 - Hien Mau Nhan Dao 2024',6,TIMESTAMP '2024-04-14 07:00:00',TIMESTAMP '2024-04-14 18:00:00') RETURNING MaCongViec INTO v_tmp2; v_cv_ids(13):=v_tmp2;
    INSERT INTO CongViec(MaChienDich,TenCongViec,SoLuongTNVCan,ThoiGianBatDau,ThoiGianKetThuc) VALUES(v_tmp,N'Cong viec 2 - Hien Mau Nhan Dao 2024',6,TIMESTAMP '2024-04-14 07:00:00',TIMESTAMP '2024-04-14 18:00:00') RETURNING MaCongViec INTO v_tmp2; v_cv_ids(14):=v_tmp2;
    INSERT INTO CongViec(MaChienDich,TenCongViec,SoLuongTNVCan,ThoiGianBatDau,ThoiGianKetThuc) VALUES(v_tmp,N'Cong viec 3 - Hien Mau Nhan Dao 2024',6,TIMESTAMP '2024-04-14 07:00:00',TIMESTAMP '2024-04-14 18:00:00') RETURNING MaCongViec INTO v_tmp2; v_cv_ids(15):=v_tmp2;
    INSERT INTO ChienDich(TenChienDich,NgayBatDau,NgayKetThuc,MoTa,SoLuongTNVToiDa,MucTieuTien,TrangThai,MaNguoiTao,GioToiThieuCN,DiemThuong) VALUES(N'Ao am Mua Dong 2024',DATE '2024-11-01',DATE '2024-12-15',N'Mo ta Ao am Mua Dong 2024',20,50000000,'DaKetThuc',v_tk_bdh(6),4,2) RETURNING MaChienDich INTO v_tmp; v_cd_ids(6):=v_tmp;
    INSERT INTO BanDieuHanh(MaTaiKhoan,MaChienDich) VALUES(v_tk_bdh(6),v_tmp);
    INSERT INTO DuyetChienDich(MaChienDich,MaNguoiDuyet,TrangThai,NgayDuyet) VALUES(v_tmp,v_tk_admin,'DaDuyet',DATE '2024-11-01');
    INSERT INTO TinTuc(MaChienDich,TieuDe,NoiDung,MaNguoiDang) VALUES(v_tmp,N'Phat dong Ao am Mua Dong 2024',N'Noi dung tin tuc',v_tk_bdh(6)) RETURNING MaTinTuc INTO v_tn_ids(6);
    INSERT INTO CongViec(MaChienDich,TenCongViec,SoLuongTNVCan,ThoiGianBatDau,ThoiGianKetThuc) VALUES(v_tmp,N'Quyen gop ao am',7,TIMESTAMP '2024-11-01 07:00:00',TIMESTAMP '2024-12-15 18:00:00') RETURNING MaCongViec INTO v_tmp2; v_cv_ids(16):=v_tmp2;
    INSERT INTO CongViec(MaChienDich,TenCongViec,SoLuongTNVCan,ThoiGianBatDau,ThoiGianKetThuc) VALUES(v_tmp,N'Dong goi chan bong',7,TIMESTAMP '2024-11-01 07:00:00',TIMESTAMP '2024-12-15 18:00:00') RETURNING MaCongViec INTO v_tmp2; v_cv_ids(17):=v_tmp2;
    INSERT INTO CongViec(MaChienDich,TenCongViec,SoLuongTNVCan,ThoiGianBatDau,ThoiGianKetThuc) VALUES(v_tmp,N'Phat do lanh tai Ha Giang',7,TIMESTAMP '2024-11-01 07:00:00',TIMESTAMP '2024-12-15 18:00:00') RETURNING MaCongViec INTO v_tmp2; v_cv_ids(18):=v_tmp2;
    INSERT INTO ChienDich(TenChienDich,NgayBatDau,NgayKetThuc,MoTa,SoLuongTNVToiDa,MucTieuTien,TrangThai,MaNguoiTao,GioToiThieuCN,DiemThuong) VALUES(N'Bao lu mien Trung 2024',DATE '2024-10-20',DATE '2024-11-20',N'Mo ta Bao lu mien Trung 2024',25,500000000,'DaKetThuc',v_tk_bdh(7),4,5) RETURNING MaChienDich INTO v_tmp; v_cd_ids(7):=v_tmp;
    INSERT INTO BanDieuHanh(MaTaiKhoan,MaChienDich) VALUES(v_tk_bdh(7),v_tmp);
    INSERT INTO DuyetChienDich(MaChienDich,MaNguoiDuyet,TrangThai,NgayDuyet) VALUES(v_tmp,v_tk_admin,'DaDuyet',DATE '2024-10-20');
    INSERT INTO TinTuc(MaChienDich,TieuDe,NoiDung,MaNguoiDang) VALUES(v_tmp,N'Phat dong Bao lu mien Trung 2024',N'Noi dung tin tuc',v_tk_bdh(7)) RETURNING MaTinTuc INTO v_tn_ids(7);
    INSERT INTO CongViec(MaChienDich,TenCongViec,SoLuongTNVCan,ThoiGianBatDau,ThoiGianKetThuc) VALUES(v_tmp,N'Van chuyen xuong cuu sinh',9,TIMESTAMP '2024-10-20 07:00:00',TIMESTAMP '2024-11-20 18:00:00') RETURNING MaCongViec INTO v_tmp2; v_cv_ids(19):=v_tmp2;
    INSERT INTO CongViec(MaChienDich,TenCongViec,SoLuongTNVCan,ThoiGianBatDau,ThoiGianKetThuc) VALUES(v_tmp,N'Don dep bun dat',9,TIMESTAMP '2024-10-20 07:00:00',TIMESTAMP '2024-11-20 18:00:00') RETURNING MaCongViec INTO v_tmp2; v_cv_ids(20):=v_tmp2;
    INSERT INTO CongViec(MaChienDich,TenCongViec,SoLuongTNVCan,ThoiGianBatDau,ThoiGianKetThuc) VALUES(v_tmp,N'Phat phoi mi goi',9,TIMESTAMP '2024-10-20 07:00:00',TIMESTAMP '2024-11-20 18:00:00') RETURNING MaCongViec INTO v_tmp2; v_cv_ids(21):=v_tmp2;
    INSERT INTO ChienDich(TenChienDich,NgayBatDau,NgayKetThuc,MoTa,SoLuongTNVToiDa,MucTieuTien,TrangThai,MaNguoiTao,GioToiThieuCN,DiemThuong) VALUES(N'Xuan Tinh Nguyen 2025',DATE '2025-01-20',DATE '2025-02-15',N'Mo ta Xuan Tinh Nguyen 2025',25,30000000,'DangHoatDong',v_tk_bdh(8),4,1) RETURNING MaChienDich INTO v_tmp; v_cd_ids(8):=v_tmp;
    INSERT INTO BanDieuHanh(MaTaiKhoan,MaChienDich) VALUES(v_tk_bdh(8),v_tmp);
    INSERT INTO DuyetChienDich(MaChienDich,MaNguoiDuyet,TrangThai,NgayDuyet) VALUES(v_tmp,v_tk_admin,'DaDuyet',DATE '2025-01-20');
    INSERT INTO TinTuc(MaChienDich,TieuDe,NoiDung,MaNguoiDang) VALUES(v_tmp,N'Phat dong Xuan Tinh Nguyen 2025',N'Noi dung tin tuc',v_tk_bdh(8)) RETURNING MaTinTuc INTO v_tn_ids(8);
    INSERT INTO CongViec(MaChienDich,TenCongViec,SoLuongTNVCan,ThoiGianBatDau,ThoiGianKetThuc) VALUES(v_tmp,N'Cong viec 1 - Xuan Tinh Nguyen 2025',9,TIMESTAMP '2025-01-20 07:00:00',TIMESTAMP '2025-02-15 18:00:00') RETURNING MaCongViec INTO v_tmp2; v_cv_ids(22):=v_tmp2;
    INSERT INTO CongViec(MaChienDich,TenCongViec,SoLuongTNVCan,ThoiGianBatDau,ThoiGianKetThuc) VALUES(v_tmp,N'Cong viec 2 - Xuan Tinh Nguyen 2025',9,TIMESTAMP '2025-01-20 07:00:00',TIMESTAMP '2025-02-15 18:00:00') RETURNING MaCongViec INTO v_tmp2; v_cv_ids(23):=v_tmp2;
    INSERT INTO CongViec(MaChienDich,TenCongViec,SoLuongTNVCan,ThoiGianBatDau,ThoiGianKetThuc) VALUES(v_tmp,N'Cong viec 3 - Xuan Tinh Nguyen 2025',9,TIMESTAMP '2025-01-20 07:00:00',TIMESTAMP '2025-02-15 18:00:00') RETURNING MaCongViec INTO v_tmp2; v_cv_ids(24):=v_tmp2;
    INSERT INTO ChienDich(TenChienDich,NgayBatDau,NgayKetThuc,MoTa,SoLuongTNVToiDa,MucTieuTien,TrangThai,MaNguoiTao,GioToiThieuCN,DiemThuong) VALUES(N'Tiep Suc Mua Thi 2025',DATE '2025-06-25',DATE '2025-07-10',N'Mo ta Tiep Suc Mua Thi 2025',30,30000000,'DangHoatDong',v_tk_bdh(9),4,2) RETURNING MaChienDich INTO v_tmp; v_cd_ids(9):=v_tmp;
    INSERT INTO BanDieuHanh(MaTaiKhoan,MaChienDich) VALUES(v_tk_bdh(9),v_tmp);
    INSERT INTO DuyetChienDich(MaChienDich,MaNguoiDuyet,TrangThai,NgayDuyet) VALUES(v_tmp,v_tk_admin,'DaDuyet',DATE '2025-06-25');
    INSERT INTO TinTuc(MaChienDich,TieuDe,NoiDung,MaNguoiDang) VALUES(v_tmp,N'Phat dong Tiep Suc Mua Thi 2025',N'Noi dung tin tuc',v_tk_bdh(9)) RETURNING MaTinTuc INTO v_tn_ids(9);
    INSERT INTO CongViec(MaChienDich,TenCongViec,SoLuongTNVCan,ThoiGianBatDau,ThoiGianKetThuc) VALUES(v_tmp,N'Dan duong va ho tro thi sinh',11,TIMESTAMP '2025-06-25 07:00:00',TIMESTAMP '2025-07-10 18:00:00') RETURNING MaCongViec INTO v_tmp2; v_cv_ids(25):=v_tmp2;
    INSERT INTO CongViec(MaChienDich,TenCongViec,SoLuongTNVCan,ThoiGianBatDau,ThoiGianKetThuc) VALUES(v_tmp,N'Phat nuoc va com hop',11,TIMESTAMP '2025-06-25 07:00:00',TIMESTAMP '2025-07-10 18:00:00') RETURNING MaCongViec INTO v_tmp2; v_cv_ids(26):=v_tmp2;
    INSERT INTO CongViec(MaChienDich,TenCongViec,SoLuongTNVCan,ThoiGianBatDau,ThoiGianKetThuc) VALUES(v_tmp,N'Dieu tiet giao thong',11,TIMESTAMP '2025-06-25 07:00:00',TIMESTAMP '2025-07-10 18:00:00') RETURNING MaCongViec INTO v_tmp2; v_cv_ids(27):=v_tmp2;
    INSERT INTO ChienDich(TenChienDich,NgayBatDau,NgayKetThuc,MoTa,SoLuongTNVToiDa,MucTieuTien,TrangThai,MaNguoiTao,GioToiThieuCN,DiemThuong) VALUES(N'Hien Mau Nhan Dao 2025',DATE '2025-04-06',DATE '2025-04-06',N'Mo ta Hien Mau Nhan Dao 2025',20,12000000,'DangHoatDong',v_tk_bdh(10),4,1) RETURNING MaChienDich INTO v_tmp; v_cd_ids(10):=v_tmp;
    INSERT INTO BanDieuHanh(MaTaiKhoan,MaChienDich) VALUES(v_tk_bdh(10),v_tmp);
    INSERT INTO DuyetChienDich(MaChienDich,MaNguoiDuyet,TrangThai,NgayDuyet) VALUES(v_tmp,v_tk_admin,'DaDuyet',DATE '2025-04-06');
    INSERT INTO TinTuc(MaChienDich,TieuDe,NoiDung,MaNguoiDang) VALUES(v_tmp,N'Phat dong Hien Mau Nhan Dao 2025',N'Noi dung tin tuc',v_tk_bdh(10)) RETURNING MaTinTuc INTO v_tn_ids(10);
    INSERT INTO CongViec(MaChienDich,TenCongViec,SoLuongTNVCan,ThoiGianBatDau,ThoiGianKetThuc) VALUES(v_tmp,N'Cong viec 1 - Hien Mau Nhan Dao 2025',7,TIMESTAMP '2025-04-06 07:00:00',TIMESTAMP '2025-04-06 18:00:00') RETURNING MaCongViec INTO v_tmp2; v_cv_ids(28):=v_tmp2;
    INSERT INTO CongViec(MaChienDich,TenCongViec,SoLuongTNVCan,ThoiGianBatDau,ThoiGianKetThuc) VALUES(v_tmp,N'Cong viec 2 - Hien Mau Nhan Dao 2025',7,TIMESTAMP '2025-04-06 07:00:00',TIMESTAMP '2025-04-06 18:00:00') RETURNING MaCongViec INTO v_tmp2; v_cv_ids(29):=v_tmp2;
    INSERT INTO CongViec(MaChienDich,TenCongViec,SoLuongTNVCan,ThoiGianBatDau,ThoiGianKetThuc) VALUES(v_tmp,N'Cong viec 3 - Hien Mau Nhan Dao 2025',7,TIMESTAMP '2025-04-06 07:00:00',TIMESTAMP '2025-04-06 18:00:00') RETURNING MaCongViec INTO v_tmp2; v_cv_ids(30):=v_tmp2;
    INSERT INTO ThamGiaTNV(MaTaiKhoan,MaChienDich,TrangThaiDuyet,NgayDangKy,DiemDanhGia) VALUES(v_tk_tnv(8),v_cd_ids(1),'HoanThanh',DATE '2024-01-15',8.5) RETURNING MaThamGia INTO v_tmp;
    INSERT INTO PhanCong(MaThamGia,MaCongViec,TrangThai) VALUES(v_tmp,v_cv_ids(1),'HoanThanh');
    INSERT INTO DiemDanh(MaThamGia,NgayDiemDanh,TrangThai,SoGioGhiNhan) VALUES(v_tmp,DATE '2024-01-15','CoMat',8);
    INSERT INTO ThamGiaTNV(MaTaiKhoan,MaChienDich,TrangThaiDuyet,NgayDangKy,DiemDanhGia) VALUES(v_tk_tnv(2),v_cd_ids(1),'HoanThanh',DATE '2024-01-15',8.5) RETURNING MaThamGia INTO v_tmp;
    INSERT INTO PhanCong(MaThamGia,MaCongViec,TrangThai) VALUES(v_tmp,v_cv_ids(2),'HoanThanh');
    INSERT INTO DiemDanh(MaThamGia,NgayDiemDanh,TrangThai,SoGioGhiNhan) VALUES(v_tmp,DATE '2024-01-15','CoMat',8);
    INSERT INTO ThamGiaTNV(MaTaiKhoan,MaChienDich,TrangThaiDuyet,NgayDangKy,DiemDanhGia) VALUES(v_tk_tnv(18),v_cd_ids(1),'HoanThanh',DATE '2024-01-15',8.5) RETURNING MaThamGia INTO v_tmp;
    INSERT INTO PhanCong(MaThamGia,MaCongViec,TrangThai) VALUES(v_tmp,v_cv_ids(3),'HoanThanh');
    INSERT INTO DiemDanh(MaThamGia,NgayDiemDanh,TrangThai,SoGioGhiNhan) VALUES(v_tmp,DATE '2024-01-15','CoMat',8);
    INSERT INTO ThamGiaTNV(MaTaiKhoan,MaChienDich,TrangThaiDuyet,NgayDangKy,DiemDanhGia) VALUES(v_tk_tnv(16),v_cd_ids(1),'HoanThanh',DATE '2024-01-15',8.5) RETURNING MaThamGia INTO v_tmp;
    INSERT INTO PhanCong(MaThamGia,MaCongViec,TrangThai) VALUES(v_tmp,v_cv_ids(1),'HoanThanh');
    INSERT INTO DiemDanh(MaThamGia,NgayDiemDanh,TrangThai,SoGioGhiNhan) VALUES(v_tmp,DATE '2024-01-15','CoMat',8);
    INSERT INTO ThamGiaTNV(MaTaiKhoan,MaChienDich,TrangThaiDuyet,NgayDangKy,DiemDanhGia) VALUES(v_tk_tnv(15),v_cd_ids(1),'HoanThanh',DATE '2024-01-15',8.5) RETURNING MaThamGia INTO v_tmp;
    INSERT INTO PhanCong(MaThamGia,MaCongViec,TrangThai) VALUES(v_tmp,v_cv_ids(2),'HoanThanh');
    INSERT INTO DiemDanh(MaThamGia,NgayDiemDanh,TrangThai,SoGioGhiNhan) VALUES(v_tmp,DATE '2024-01-15','CoMat',8);
    INSERT INTO ThamGiaTNV(MaTaiKhoan,MaChienDich,TrangThaiDuyet,NgayDangKy,DiemDanhGia) VALUES(v_tk_tnv(9),v_cd_ids(1),'HoanThanh',DATE '2024-01-15',8.5) RETURNING MaThamGia INTO v_tmp;
    INSERT INTO PhanCong(MaThamGia,MaCongViec,TrangThai) VALUES(v_tmp,v_cv_ids(3),'HoanThanh');
    INSERT INTO DiemDanh(MaThamGia,NgayDiemDanh,TrangThai,SoGioGhiNhan) VALUES(v_tmp,DATE '2024-01-15','CoMat',8);
    INSERT INTO ThamGiaTNV(MaTaiKhoan,MaChienDich,TrangThaiDuyet,NgayDangKy,DiemDanhGia) VALUES(v_tk_tnv(7),v_cd_ids(1),'HoanThanh',DATE '2024-01-15',8.5) RETURNING MaThamGia INTO v_tmp;
    INSERT INTO PhanCong(MaThamGia,MaCongViec,TrangThai) VALUES(v_tmp,v_cv_ids(1),'HoanThanh');
    INSERT INTO DiemDanh(MaThamGia,NgayDiemDanh,TrangThai,SoGioGhiNhan) VALUES(v_tmp,DATE '2024-01-15','CoMat',8);
    INSERT INTO ThamGiaTNV(MaTaiKhoan,MaChienDich,TrangThaiDuyet,NgayDangKy,DiemDanhGia) VALUES(v_tk_tnv(6),v_cd_ids(1),'HoanThanh',DATE '2024-01-15',8.5) RETURNING MaThamGia INTO v_tmp;
    INSERT INTO PhanCong(MaThamGia,MaCongViec,TrangThai) VALUES(v_tmp,v_cv_ids(2),'HoanThanh');
    INSERT INTO DiemDanh(MaThamGia,NgayDiemDanh,TrangThai,SoGioGhiNhan) VALUES(v_tmp,DATE '2024-01-15','CoMat',8);
    INSERT INTO ThamGiaTNV(MaTaiKhoan,MaChienDich,TrangThaiDuyet,NgayDangKy,DiemDanhGia) VALUES(v_tk_tnv(28),v_cd_ids(1),'HoanThanh',DATE '2024-01-15',8.5) RETURNING MaThamGia INTO v_tmp;
    INSERT INTO PhanCong(MaThamGia,MaCongViec,TrangThai) VALUES(v_tmp,v_cv_ids(3),'HoanThanh');
    INSERT INTO DiemDanh(MaThamGia,NgayDiemDanh,TrangThai,SoGioGhiNhan) VALUES(v_tmp,DATE '2024-01-15','CoMat',8);
    INSERT INTO ThamGiaTNV(MaTaiKhoan,MaChienDich,TrangThaiDuyet,NgayDangKy,DiemDanhGia) VALUES(v_tk_tnv(39),v_cd_ids(1),'HoanThanh',DATE '2024-01-15',8.5) RETURNING MaThamGia INTO v_tmp;
    INSERT INTO PhanCong(MaThamGia,MaCongViec,TrangThai) VALUES(v_tmp,v_cv_ids(1),'HoanThanh');
    INSERT INTO DiemDanh(MaThamGia,NgayDiemDanh,TrangThai,SoGioGhiNhan) VALUES(v_tmp,DATE '2024-01-15','CoMat',8);
    INSERT INTO ThamGiaTNV(MaTaiKhoan,MaChienDich,TrangThaiDuyet,NgayDangKy,DiemDanhGia) VALUES(v_tk_tnv(1),v_cd_ids(1),'HoanThanh',DATE '2024-01-15',8.5) RETURNING MaThamGia INTO v_tmp;
    INSERT INTO PhanCong(MaThamGia,MaCongViec,TrangThai) VALUES(v_tmp,v_cv_ids(2),'HoanThanh');
    INSERT INTO DiemDanh(MaThamGia,NgayDiemDanh,TrangThai,SoGioGhiNhan) VALUES(v_tmp,DATE '2024-01-15','CoMat',8);
    INSERT INTO ThamGiaTNV(MaTaiKhoan,MaChienDich,TrangThaiDuyet,NgayDangKy,DiemDanhGia) VALUES(v_tk_tnv(3),v_cd_ids(1),'HoanThanh',DATE '2024-01-15',8.5) RETURNING MaThamGia INTO v_tmp;
    INSERT INTO PhanCong(MaThamGia,MaCongViec,TrangThai) VALUES(v_tmp,v_cv_ids(3),'HoanThanh');
    INSERT INTO DiemDanh(MaThamGia,NgayDiemDanh,TrangThai,SoGioGhiNhan) VALUES(v_tmp,DATE '2024-01-15','CoMat',8);
    INSERT INTO ThamGiaTNV(MaTaiKhoan,MaChienDich,TrangThaiDuyet,NgayDangKy,DiemDanhGia) VALUES(v_tk_tnv(34),v_cd_ids(1),'HoanThanh',DATE '2024-01-15',8.5) RETURNING MaThamGia INTO v_tmp;
    INSERT INTO PhanCong(MaThamGia,MaCongViec,TrangThai) VALUES(v_tmp,v_cv_ids(1),'HoanThanh');
    INSERT INTO DiemDanh(MaThamGia,NgayDiemDanh,TrangThai,SoGioGhiNhan) VALUES(v_tmp,DATE '2024-01-15','CoMat',8);
    INSERT INTO ThamGiaTNV(MaTaiKhoan,MaChienDich,TrangThaiDuyet,NgayDangKy,DiemDanhGia) VALUES(v_tk_tnv(40),v_cd_ids(1),'HoanThanh',DATE '2024-01-15',8.5) RETURNING MaThamGia INTO v_tmp;
    INSERT INTO PhanCong(MaThamGia,MaCongViec,TrangThai) VALUES(v_tmp,v_cv_ids(2),'HoanThanh');
    INSERT INTO DiemDanh(MaThamGia,NgayDiemDanh,TrangThai,SoGioGhiNhan) VALUES(v_tmp,DATE '2024-01-15','CoMat',8);
    INSERT INTO ThamGiaTNV(MaTaiKhoan,MaChienDich,TrangThaiDuyet,NgayDangKy,DiemDanhGia) VALUES(v_tk_tnv(17),v_cd_ids(1),'HoanThanh',DATE '2024-01-15',8.5) RETURNING MaThamGia INTO v_tmp;
    INSERT INTO PhanCong(MaThamGia,MaCongViec,TrangThai) VALUES(v_tmp,v_cv_ids(3),'HoanThanh');
    INSERT INTO DiemDanh(MaThamGia,NgayDiemDanh,TrangThai,SoGioGhiNhan) VALUES(v_tmp,DATE '2024-01-15','CoMat',8);
    INSERT INTO ThamGiaTNV(MaTaiKhoan,MaChienDich,TrangThaiDuyet,NgayDangKy,DiemDanhGia) VALUES(v_tk_tnv(20),v_cd_ids(1),'HoanThanh',DATE '2024-01-15',8.5) RETURNING MaThamGia INTO v_tmp;
    INSERT INTO PhanCong(MaThamGia,MaCongViec,TrangThai) VALUES(v_tmp,v_cv_ids(1),'HoanThanh');
    INSERT INTO DiemDanh(MaThamGia,NgayDiemDanh,TrangThai,SoGioGhiNhan) VALUES(v_tmp,DATE '2024-01-15','CoMat',8);
    INSERT INTO ThamGiaTNV(MaTaiKhoan,MaChienDich,TrangThaiDuyet,NgayDangKy,DiemDanhGia) VALUES(v_tk_tnv(30),v_cd_ids(1),'HoanThanh',DATE '2024-01-15',8.5) RETURNING MaThamGia INTO v_tmp;
    INSERT INTO PhanCong(MaThamGia,MaCongViec,TrangThai) VALUES(v_tmp,v_cv_ids(2),'HoanThanh');
    INSERT INTO DiemDanh(MaThamGia,NgayDiemDanh,TrangThai,SoGioGhiNhan) VALUES(v_tmp,DATE '2024-01-15','CoMat',8);
    INSERT INTO ThamGiaTNV(MaTaiKhoan,MaChienDich,TrangThaiDuyet,NgayDangKy,DiemDanhGia) VALUES(v_tk_tnv(38),v_cd_ids(1),'HoanThanh',DATE '2024-01-15',8.5) RETURNING MaThamGia INTO v_tmp;
    INSERT INTO PhanCong(MaThamGia,MaCongViec,TrangThai) VALUES(v_tmp,v_cv_ids(3),'HoanThanh');
    INSERT INTO DiemDanh(MaThamGia,NgayDiemDanh,TrangThai,SoGioGhiNhan) VALUES(v_tmp,DATE '2024-01-15','CoMat',8);
    INSERT INTO ThamGiaTNV(MaTaiKhoan,MaChienDich,TrangThaiDuyet,NgayDangKy,DiemDanhGia) VALUES(v_tk_tnv(32),v_cd_ids(1),'HoanThanh',DATE '2024-01-15',8.5) RETURNING MaThamGia INTO v_tmp;
    INSERT INTO PhanCong(MaThamGia,MaCongViec,TrangThai) VALUES(v_tmp,v_cv_ids(1),'HoanThanh');
    INSERT INTO DiemDanh(MaThamGia,NgayDiemDanh,TrangThai,SoGioGhiNhan) VALUES(v_tmp,DATE '2024-01-15','CoMat',8);
    INSERT INTO ThamGiaTNV(MaTaiKhoan,MaChienDich,TrangThaiDuyet,NgayDangKy,DiemDanhGia) VALUES(v_tk_tnv(21),v_cd_ids(1),'HoanThanh',DATE '2024-01-15',8.5) RETURNING MaThamGia INTO v_tmp;
    INSERT INTO PhanCong(MaThamGia,MaCongViec,TrangThai) VALUES(v_tmp,v_cv_ids(2),'HoanThanh');
    INSERT INTO DiemDanh(MaThamGia,NgayDiemDanh,TrangThai,SoGioGhiNhan) VALUES(v_tmp,DATE '2024-01-15','CoMat',8);
    INSERT INTO ThamGiaTNV(MaTaiKhoan,MaChienDich,TrangThaiDuyet,NgayDangKy,DiemDanhGia) VALUES(v_tk_tnv(35),v_cd_ids(2),'HoanThanh',DATE '2024-07-01',8.5) RETURNING MaThamGia INTO v_tmp;
    INSERT INTO PhanCong(MaThamGia,MaCongViec,TrangThai) VALUES(v_tmp,v_cv_ids(4),'HoanThanh');
    INSERT INTO DiemDanh(MaThamGia,NgayDiemDanh,TrangThai,SoGioGhiNhan) VALUES(v_tmp,DATE '2024-07-01','CoMat',8);
    INSERT INTO ThamGiaTNV(MaTaiKhoan,MaChienDich,TrangThaiDuyet,NgayDangKy,DiemDanhGia) VALUES(v_tk_tnv(27),v_cd_ids(2),'HoanThanh',DATE '2024-07-01',8.5) RETURNING MaThamGia INTO v_tmp;
    INSERT INTO PhanCong(MaThamGia,MaCongViec,TrangThai) VALUES(v_tmp,v_cv_ids(5),'HoanThanh');
    INSERT INTO DiemDanh(MaThamGia,NgayDiemDanh,TrangThai,SoGioGhiNhan) VALUES(v_tmp,DATE '2024-07-01','CoMat',8);
    INSERT INTO ThamGiaTNV(MaTaiKhoan,MaChienDich,TrangThaiDuyet,NgayDangKy,DiemDanhGia) VALUES(v_tk_tnv(15),v_cd_ids(2),'HoanThanh',DATE '2024-07-01',8.5) RETURNING MaThamGia INTO v_tmp;
    INSERT INTO PhanCong(MaThamGia,MaCongViec,TrangThai) VALUES(v_tmp,v_cv_ids(6),'HoanThanh');
    INSERT INTO DiemDanh(MaThamGia,NgayDiemDanh,TrangThai,SoGioGhiNhan) VALUES(v_tmp,DATE '2024-07-01','CoMat',8);
    INSERT INTO ThamGiaTNV(MaTaiKhoan,MaChienDich,TrangThaiDuyet,NgayDangKy,DiemDanhGia) VALUES(v_tk_tnv(29),v_cd_ids(2),'HoanThanh',DATE '2024-07-01',8.5) RETURNING MaThamGia INTO v_tmp;
    INSERT INTO PhanCong(MaThamGia,MaCongViec,TrangThai) VALUES(v_tmp,v_cv_ids(4),'HoanThanh');
    INSERT INTO DiemDanh(MaThamGia,NgayDiemDanh,TrangThai,SoGioGhiNhan) VALUES(v_tmp,DATE '2024-07-01','CoMat',8);
    INSERT INTO ThamGiaTNV(MaTaiKhoan,MaChienDich,TrangThaiDuyet,NgayDangKy,DiemDanhGia) VALUES(v_tk_tnv(18),v_cd_ids(2),'HoanThanh',DATE '2024-07-01',8.5) RETURNING MaThamGia INTO v_tmp;
    INSERT INTO PhanCong(MaThamGia,MaCongViec,TrangThai) VALUES(v_tmp,v_cv_ids(5),'HoanThanh');
    INSERT INTO DiemDanh(MaThamGia,NgayDiemDanh,TrangThai,SoGioGhiNhan) VALUES(v_tmp,DATE '2024-07-01','CoMat',8);
    INSERT INTO ThamGiaTNV(MaTaiKhoan,MaChienDich,TrangThaiDuyet,NgayDangKy,DiemDanhGia) VALUES(v_tk_tnv(1),v_cd_ids(2),'HoanThanh',DATE '2024-07-01',8.5) RETURNING MaThamGia INTO v_tmp;
    INSERT INTO PhanCong(MaThamGia,MaCongViec,TrangThai) VALUES(v_tmp,v_cv_ids(6),'HoanThanh');
    INSERT INTO DiemDanh(MaThamGia,NgayDiemDanh,TrangThai,SoGioGhiNhan) VALUES(v_tmp,DATE '2024-07-01','CoMat',8);
    INSERT INTO ThamGiaTNV(MaTaiKhoan,MaChienDich,TrangThaiDuyet,NgayDangKy,DiemDanhGia) VALUES(v_tk_tnv(11),v_cd_ids(2),'HoanThanh',DATE '2024-07-01',8.5) RETURNING MaThamGia INTO v_tmp;
    INSERT INTO PhanCong(MaThamGia,MaCongViec,TrangThai) VALUES(v_tmp,v_cv_ids(4),'HoanThanh');
    INSERT INTO DiemDanh(MaThamGia,NgayDiemDanh,TrangThai,SoGioGhiNhan) VALUES(v_tmp,DATE '2024-07-01','CoMat',8);
    INSERT INTO ThamGiaTNV(MaTaiKhoan,MaChienDich,TrangThaiDuyet,NgayDangKy,DiemDanhGia) VALUES(v_tk_tnv(28),v_cd_ids(2),'HoanThanh',DATE '2024-07-01',8.5) RETURNING MaThamGia INTO v_tmp;
    INSERT INTO PhanCong(MaThamGia,MaCongViec,TrangThai) VALUES(v_tmp,v_cv_ids(5),'HoanThanh');
    INSERT INTO DiemDanh(MaThamGia,NgayDiemDanh,TrangThai,SoGioGhiNhan) VALUES(v_tmp,DATE '2024-07-01','CoMat',8);
    INSERT INTO ThamGiaTNV(MaTaiKhoan,MaChienDich,TrangThaiDuyet,NgayDangKy,DiemDanhGia) VALUES(v_tk_tnv(22),v_cd_ids(2),'HoanThanh',DATE '2024-07-01',8.5) RETURNING MaThamGia INTO v_tmp;
    INSERT INTO PhanCong(MaThamGia,MaCongViec,TrangThai) VALUES(v_tmp,v_cv_ids(6),'HoanThanh');
    INSERT INTO DiemDanh(MaThamGia,NgayDiemDanh,TrangThai,SoGioGhiNhan) VALUES(v_tmp,DATE '2024-07-01','CoMat',8);
    INSERT INTO ThamGiaTNV(MaTaiKhoan,MaChienDich,TrangThaiDuyet,NgayDangKy,DiemDanhGia) VALUES(v_tk_tnv(9),v_cd_ids(2),'HoanThanh',DATE '2024-07-01',8.5) RETURNING MaThamGia INTO v_tmp;
    INSERT INTO PhanCong(MaThamGia,MaCongViec,TrangThai) VALUES(v_tmp,v_cv_ids(4),'HoanThanh');
    INSERT INTO DiemDanh(MaThamGia,NgayDiemDanh,TrangThai,SoGioGhiNhan) VALUES(v_tmp,DATE '2024-07-01','CoMat',8);
    INSERT INTO ThamGiaTNV(MaTaiKhoan,MaChienDich,TrangThaiDuyet,NgayDangKy,DiemDanhGia) VALUES(v_tk_tnv(5),v_cd_ids(2),'HoanThanh',DATE '2024-07-01',8.5) RETURNING MaThamGia INTO v_tmp;
    INSERT INTO PhanCong(MaThamGia,MaCongViec,TrangThai) VALUES(v_tmp,v_cv_ids(5),'HoanThanh');
    INSERT INTO DiemDanh(MaThamGia,NgayDiemDanh,TrangThai,SoGioGhiNhan) VALUES(v_tmp,DATE '2024-07-01','CoMat',8);
    INSERT INTO ThamGiaTNV(MaTaiKhoan,MaChienDich,TrangThaiDuyet,NgayDangKy,DiemDanhGia) VALUES(v_tk_tnv(7),v_cd_ids(2),'HoanThanh',DATE '2024-07-01',8.5) RETURNING MaThamGia INTO v_tmp;
    INSERT INTO PhanCong(MaThamGia,MaCongViec,TrangThai) VALUES(v_tmp,v_cv_ids(6),'HoanThanh');
    INSERT INTO DiemDanh(MaThamGia,NgayDiemDanh,TrangThai,SoGioGhiNhan) VALUES(v_tmp,DATE '2024-07-01','CoMat',8);
    INSERT INTO ThamGiaTNV(MaTaiKhoan,MaChienDich,TrangThaiDuyet,NgayDangKy,DiemDanhGia) VALUES(v_tk_tnv(25),v_cd_ids(2),'HoanThanh',DATE '2024-07-01',8.5) RETURNING MaThamGia INTO v_tmp;
    INSERT INTO PhanCong(MaThamGia,MaCongViec,TrangThai) VALUES(v_tmp,v_cv_ids(4),'HoanThanh');
    INSERT INTO DiemDanh(MaThamGia,NgayDiemDanh,TrangThai,SoGioGhiNhan) VALUES(v_tmp,DATE '2024-07-01','CoMat',8);
    INSERT INTO ThamGiaTNV(MaTaiKhoan,MaChienDich,TrangThaiDuyet,NgayDangKy,DiemDanhGia) VALUES(v_tk_tnv(34),v_cd_ids(2),'HoanThanh',DATE '2024-07-01',8.5) RETURNING MaThamGia INTO v_tmp;
    INSERT INTO PhanCong(MaThamGia,MaCongViec,TrangThai) VALUES(v_tmp,v_cv_ids(5),'HoanThanh');
    INSERT INTO DiemDanh(MaThamGia,NgayDiemDanh,TrangThai,SoGioGhiNhan) VALUES(v_tmp,DATE '2024-07-01','CoMat',8);
    INSERT INTO ThamGiaTNV(MaTaiKhoan,MaChienDich,TrangThaiDuyet,NgayDangKy,DiemDanhGia) VALUES(v_tk_tnv(4),v_cd_ids(2),'HoanThanh',DATE '2024-07-01',8.5) RETURNING MaThamGia INTO v_tmp;
    INSERT INTO PhanCong(MaThamGia,MaCongViec,TrangThai) VALUES(v_tmp,v_cv_ids(6),'HoanThanh');
    INSERT INTO DiemDanh(MaThamGia,NgayDiemDanh,TrangThai,SoGioGhiNhan) VALUES(v_tmp,DATE '2024-07-01','CoMat',8);
    INSERT INTO ThamGiaTNV(MaTaiKhoan,MaChienDich,TrangThaiDuyet,NgayDangKy,DiemDanhGia) VALUES(v_tk_tnv(3),v_cd_ids(2),'HoanThanh',DATE '2024-07-01',8.5) RETURNING MaThamGia INTO v_tmp;
    INSERT INTO PhanCong(MaThamGia,MaCongViec,TrangThai) VALUES(v_tmp,v_cv_ids(4),'HoanThanh');
    INSERT INTO DiemDanh(MaThamGia,NgayDiemDanh,TrangThai,SoGioGhiNhan) VALUES(v_tmp,DATE '2024-07-01','CoMat',8);
    INSERT INTO ThamGiaTNV(MaTaiKhoan,MaChienDich,TrangThaiDuyet,NgayDangKy,DiemDanhGia) VALUES(v_tk_tnv(13),v_cd_ids(2),'HoanThanh',DATE '2024-07-01',8.5) RETURNING MaThamGia INTO v_tmp;
    INSERT INTO PhanCong(MaThamGia,MaCongViec,TrangThai) VALUES(v_tmp,v_cv_ids(5),'HoanThanh');
    INSERT INTO DiemDanh(MaThamGia,NgayDiemDanh,TrangThai,SoGioGhiNhan) VALUES(v_tmp,DATE '2024-07-01','CoMat',8);
    INSERT INTO ThamGiaTNV(MaTaiKhoan,MaChienDich,TrangThaiDuyet,NgayDangKy,DiemDanhGia) VALUES(v_tk_tnv(26),v_cd_ids(2),'HoanThanh',DATE '2024-07-01',8.5) RETURNING MaThamGia INTO v_tmp;
    INSERT INTO PhanCong(MaThamGia,MaCongViec,TrangThai) VALUES(v_tmp,v_cv_ids(6),'HoanThanh');
    INSERT INTO DiemDanh(MaThamGia,NgayDiemDanh,TrangThai,SoGioGhiNhan) VALUES(v_tmp,DATE '2024-07-01','CoMat',8);
    INSERT INTO ThamGiaTNV(MaTaiKhoan,MaChienDich,TrangThaiDuyet,NgayDangKy,DiemDanhGia) VALUES(v_tk_tnv(12),v_cd_ids(2),'HoanThanh',DATE '2024-07-01',8.5) RETURNING MaThamGia INTO v_tmp;
    INSERT INTO PhanCong(MaThamGia,MaCongViec,TrangThai) VALUES(v_tmp,v_cv_ids(4),'HoanThanh');
    INSERT INTO DiemDanh(MaThamGia,NgayDiemDanh,TrangThai,SoGioGhiNhan) VALUES(v_tmp,DATE '2024-07-01','CoMat',8);
    INSERT INTO ThamGiaTNV(MaTaiKhoan,MaChienDich,TrangThaiDuyet,NgayDangKy,DiemDanhGia) VALUES(v_tk_tnv(32),v_cd_ids(2),'HoanThanh',DATE '2024-07-01',8.5) RETURNING MaThamGia INTO v_tmp;
    INSERT INTO PhanCong(MaThamGia,MaCongViec,TrangThai) VALUES(v_tmp,v_cv_ids(5),'HoanThanh');
    INSERT INTO DiemDanh(MaThamGia,NgayDiemDanh,TrangThai,SoGioGhiNhan) VALUES(v_tmp,DATE '2024-07-01','CoMat',8);
    INSERT INTO ThamGiaTNV(MaTaiKhoan,MaChienDich,TrangThaiDuyet,NgayDangKy,DiemDanhGia) VALUES(v_tk_tnv(20),v_cd_ids(2),'HoanThanh',DATE '2024-07-01',8.5) RETURNING MaThamGia INTO v_tmp;
    INSERT INTO PhanCong(MaThamGia,MaCongViec,TrangThai) VALUES(v_tmp,v_cv_ids(6),'HoanThanh');
    INSERT INTO DiemDanh(MaThamGia,NgayDiemDanh,TrangThai,SoGioGhiNhan) VALUES(v_tmp,DATE '2024-07-01','CoMat',8);
    INSERT INTO ThamGiaTNV(MaTaiKhoan,MaChienDich,TrangThaiDuyet,NgayDangKy,DiemDanhGia) VALUES(v_tk_tnv(31),v_cd_ids(2),'HoanThanh',DATE '2024-07-01',8.5) RETURNING MaThamGia INTO v_tmp;
    INSERT INTO PhanCong(MaThamGia,MaCongViec,TrangThai) VALUES(v_tmp,v_cv_ids(4),'HoanThanh');
    INSERT INTO DiemDanh(MaThamGia,NgayDiemDanh,TrangThai,SoGioGhiNhan) VALUES(v_tmp,DATE '2024-07-01','CoMat',8);
    INSERT INTO ThamGiaTNV(MaTaiKhoan,MaChienDich,TrangThaiDuyet,NgayDangKy,DiemDanhGia) VALUES(v_tk_tnv(2),v_cd_ids(2),'HoanThanh',DATE '2024-07-01',8.5) RETURNING MaThamGia INTO v_tmp;
    INSERT INTO PhanCong(MaThamGia,MaCongViec,TrangThai) VALUES(v_tmp,v_cv_ids(5),'HoanThanh');
    INSERT INTO DiemDanh(MaThamGia,NgayDiemDanh,TrangThai,SoGioGhiNhan) VALUES(v_tmp,DATE '2024-07-01','CoMat',8);
    INSERT INTO ThamGiaTNV(MaTaiKhoan,MaChienDich,TrangThaiDuyet,NgayDangKy,DiemDanhGia) VALUES(v_tk_tnv(38),v_cd_ids(2),'HoanThanh',DATE '2024-07-01',8.5) RETURNING MaThamGia INTO v_tmp;
    INSERT INTO PhanCong(MaThamGia,MaCongViec,TrangThai) VALUES(v_tmp,v_cv_ids(6),'HoanThanh');
    INSERT INTO DiemDanh(MaThamGia,NgayDiemDanh,TrangThai,SoGioGhiNhan) VALUES(v_tmp,DATE '2024-07-01','CoMat',8);
    INSERT INTO ThamGiaTNV(MaTaiKhoan,MaChienDich,TrangThaiDuyet,NgayDangKy,DiemDanhGia) VALUES(v_tk_tnv(23),v_cd_ids(2),'HoanThanh',DATE '2024-07-01',8.5) RETURNING MaThamGia INTO v_tmp;
    INSERT INTO PhanCong(MaThamGia,MaCongViec,TrangThai) VALUES(v_tmp,v_cv_ids(4),'HoanThanh');
    INSERT INTO DiemDanh(MaThamGia,NgayDiemDanh,TrangThai,SoGioGhiNhan) VALUES(v_tmp,DATE '2024-07-01','CoMat',8);
    INSERT INTO ThamGiaTNV(MaTaiKhoan,MaChienDich,TrangThaiDuyet,NgayDangKy,DiemDanhGia) VALUES(v_tk_tnv(25),v_cd_ids(3),'HoanThanh',DATE '2024-06-25',8.5) RETURNING MaThamGia INTO v_tmp;
    INSERT INTO PhanCong(MaThamGia,MaCongViec,TrangThai) VALUES(v_tmp,v_cv_ids(7),'HoanThanh');
    INSERT INTO DiemDanh(MaThamGia,NgayDiemDanh,TrangThai,SoGioGhiNhan) VALUES(v_tmp,DATE '2024-06-25','CoMat',8);
    INSERT INTO ThamGiaTNV(MaTaiKhoan,MaChienDich,TrangThaiDuyet,NgayDangKy,DiemDanhGia) VALUES(v_tk_tnv(6),v_cd_ids(3),'HoanThanh',DATE '2024-06-25',8.5) RETURNING MaThamGia INTO v_tmp;
    INSERT INTO PhanCong(MaThamGia,MaCongViec,TrangThai) VALUES(v_tmp,v_cv_ids(8),'HoanThanh');
    INSERT INTO DiemDanh(MaThamGia,NgayDiemDanh,TrangThai,SoGioGhiNhan) VALUES(v_tmp,DATE '2024-06-25','CoMat',8);
    INSERT INTO ThamGiaTNV(MaTaiKhoan,MaChienDich,TrangThaiDuyet,NgayDangKy,DiemDanhGia) VALUES(v_tk_tnv(36),v_cd_ids(3),'HoanThanh',DATE '2024-06-25',8.5) RETURNING MaThamGia INTO v_tmp;
    INSERT INTO PhanCong(MaThamGia,MaCongViec,TrangThai) VALUES(v_tmp,v_cv_ids(9),'HoanThanh');
    INSERT INTO DiemDanh(MaThamGia,NgayDiemDanh,TrangThai,SoGioGhiNhan) VALUES(v_tmp,DATE '2024-06-25','CoMat',8);
    INSERT INTO ThamGiaTNV(MaTaiKhoan,MaChienDich,TrangThaiDuyet,NgayDangKy,DiemDanhGia) VALUES(v_tk_tnv(19),v_cd_ids(3),'HoanThanh',DATE '2024-06-25',8.5) RETURNING MaThamGia INTO v_tmp;
    INSERT INTO PhanCong(MaThamGia,MaCongViec,TrangThai) VALUES(v_tmp,v_cv_ids(7),'HoanThanh');
    INSERT INTO DiemDanh(MaThamGia,NgayDiemDanh,TrangThai,SoGioGhiNhan) VALUES(v_tmp,DATE '2024-06-25','CoMat',8);
    INSERT INTO ThamGiaTNV(MaTaiKhoan,MaChienDich,TrangThaiDuyet,NgayDangKy,DiemDanhGia) VALUES(v_tk_tnv(24),v_cd_ids(3),'HoanThanh',DATE '2024-06-25',8.5) RETURNING MaThamGia INTO v_tmp;
    INSERT INTO PhanCong(MaThamGia,MaCongViec,TrangThai) VALUES(v_tmp,v_cv_ids(8),'HoanThanh');
    INSERT INTO DiemDanh(MaThamGia,NgayDiemDanh,TrangThai,SoGioGhiNhan) VALUES(v_tmp,DATE '2024-06-25','CoMat',8);
    INSERT INTO ThamGiaTNV(MaTaiKhoan,MaChienDich,TrangThaiDuyet,NgayDangKy,DiemDanhGia) VALUES(v_tk_tnv(13),v_cd_ids(3),'HoanThanh',DATE '2024-06-25',8.5) RETURNING MaThamGia INTO v_tmp;
    INSERT INTO PhanCong(MaThamGia,MaCongViec,TrangThai) VALUES(v_tmp,v_cv_ids(9),'HoanThanh');
    INSERT INTO DiemDanh(MaThamGia,NgayDiemDanh,TrangThai,SoGioGhiNhan) VALUES(v_tmp,DATE '2024-06-25','CoMat',8);
    INSERT INTO ThamGiaTNV(MaTaiKhoan,MaChienDich,TrangThaiDuyet,NgayDangKy,DiemDanhGia) VALUES(v_tk_tnv(5),v_cd_ids(3),'HoanThanh',DATE '2024-06-25',8.5) RETURNING MaThamGia INTO v_tmp;
    INSERT INTO PhanCong(MaThamGia,MaCongViec,TrangThai) VALUES(v_tmp,v_cv_ids(7),'HoanThanh');
    INSERT INTO DiemDanh(MaThamGia,NgayDiemDanh,TrangThai,SoGioGhiNhan) VALUES(v_tmp,DATE '2024-06-25','CoMat',8);
    INSERT INTO ThamGiaTNV(MaTaiKhoan,MaChienDich,TrangThaiDuyet,NgayDangKy,DiemDanhGia) VALUES(v_tk_tnv(3),v_cd_ids(3),'HoanThanh',DATE '2024-06-25',8.5) RETURNING MaThamGia INTO v_tmp;
    INSERT INTO PhanCong(MaThamGia,MaCongViec,TrangThai) VALUES(v_tmp,v_cv_ids(8),'HoanThanh');
    INSERT INTO DiemDanh(MaThamGia,NgayDiemDanh,TrangThai,SoGioGhiNhan) VALUES(v_tmp,DATE '2024-06-25','CoMat',8);
    INSERT INTO ThamGiaTNV(MaTaiKhoan,MaChienDich,TrangThaiDuyet,NgayDangKy,DiemDanhGia) VALUES(v_tk_tnv(15),v_cd_ids(3),'HoanThanh',DATE '2024-06-25',8.5) RETURNING MaThamGia INTO v_tmp;
    INSERT INTO PhanCong(MaThamGia,MaCongViec,TrangThai) VALUES(v_tmp,v_cv_ids(9),'HoanThanh');
    INSERT INTO DiemDanh(MaThamGia,NgayDiemDanh,TrangThai,SoGioGhiNhan) VALUES(v_tmp,DATE '2024-06-25','CoMat',8);
    INSERT INTO ThamGiaTNV(MaTaiKhoan,MaChienDich,TrangThaiDuyet,NgayDangKy,DiemDanhGia) VALUES(v_tk_tnv(40),v_cd_ids(3),'HoanThanh',DATE '2024-06-25',8.5) RETURNING MaThamGia INTO v_tmp;
    INSERT INTO PhanCong(MaThamGia,MaCongViec,TrangThai) VALUES(v_tmp,v_cv_ids(7),'HoanThanh');
    INSERT INTO DiemDanh(MaThamGia,NgayDiemDanh,TrangThai,SoGioGhiNhan) VALUES(v_tmp,DATE '2024-06-25','CoMat',8);
    INSERT INTO ThamGiaTNV(MaTaiKhoan,MaChienDich,TrangThaiDuyet,NgayDangKy,DiemDanhGia) VALUES(v_tk_tnv(10),v_cd_ids(3),'HoanThanh',DATE '2024-06-25',8.5) RETURNING MaThamGia INTO v_tmp;
    INSERT INTO PhanCong(MaThamGia,MaCongViec,TrangThai) VALUES(v_tmp,v_cv_ids(8),'HoanThanh');
    INSERT INTO DiemDanh(MaThamGia,NgayDiemDanh,TrangThai,SoGioGhiNhan) VALUES(v_tmp,DATE '2024-06-25','CoMat',8);
    INSERT INTO ThamGiaTNV(MaTaiKhoan,MaChienDich,TrangThaiDuyet,NgayDangKy,DiemDanhGia) VALUES(v_tk_tnv(33),v_cd_ids(3),'HoanThanh',DATE '2024-06-25',8.5) RETURNING MaThamGia INTO v_tmp;
    INSERT INTO PhanCong(MaThamGia,MaCongViec,TrangThai) VALUES(v_tmp,v_cv_ids(9),'HoanThanh');
    INSERT INTO DiemDanh(MaThamGia,NgayDiemDanh,TrangThai,SoGioGhiNhan) VALUES(v_tmp,DATE '2024-06-25','CoMat',8);
    INSERT INTO ThamGiaTNV(MaTaiKhoan,MaChienDich,TrangThaiDuyet,NgayDangKy,DiemDanhGia) VALUES(v_tk_tnv(28),v_cd_ids(3),'HoanThanh',DATE '2024-06-25',8.5) RETURNING MaThamGia INTO v_tmp;
    INSERT INTO PhanCong(MaThamGia,MaCongViec,TrangThai) VALUES(v_tmp,v_cv_ids(7),'HoanThanh');
    INSERT INTO DiemDanh(MaThamGia,NgayDiemDanh,TrangThai,SoGioGhiNhan) VALUES(v_tmp,DATE '2024-06-25','CoMat',8);
    INSERT INTO ThamGiaTNV(MaTaiKhoan,MaChienDich,TrangThaiDuyet,NgayDangKy,DiemDanhGia) VALUES(v_tk_tnv(8),v_cd_ids(3),'HoanThanh',DATE '2024-06-25',8.5) RETURNING MaThamGia INTO v_tmp;
    INSERT INTO PhanCong(MaThamGia,MaCongViec,TrangThai) VALUES(v_tmp,v_cv_ids(8),'HoanThanh');
    INSERT INTO DiemDanh(MaThamGia,NgayDiemDanh,TrangThai,SoGioGhiNhan) VALUES(v_tmp,DATE '2024-06-25','CoMat',8);
    INSERT INTO ThamGiaTNV(MaTaiKhoan,MaChienDich,TrangThaiDuyet,NgayDangKy,DiemDanhGia) VALUES(v_tk_tnv(4),v_cd_ids(3),'HoanThanh',DATE '2024-06-25',8.5) RETURNING MaThamGia INTO v_tmp;
    INSERT INTO PhanCong(MaThamGia,MaCongViec,TrangThai) VALUES(v_tmp,v_cv_ids(9),'HoanThanh');
    INSERT INTO DiemDanh(MaThamGia,NgayDiemDanh,TrangThai,SoGioGhiNhan) VALUES(v_tmp,DATE '2024-06-25','CoMat',8);
    INSERT INTO ThamGiaTNV(MaTaiKhoan,MaChienDich,TrangThaiDuyet,NgayDangKy,DiemDanhGia) VALUES(v_tk_tnv(35),v_cd_ids(3),'HoanThanh',DATE '2024-06-25',8.5) RETURNING MaThamGia INTO v_tmp;
    INSERT INTO PhanCong(MaThamGia,MaCongViec,TrangThai) VALUES(v_tmp,v_cv_ids(7),'HoanThanh');
    INSERT INTO DiemDanh(MaThamGia,NgayDiemDanh,TrangThai,SoGioGhiNhan) VALUES(v_tmp,DATE '2024-06-25','CoMat',8);
    INSERT INTO ThamGiaTNV(MaTaiKhoan,MaChienDich,TrangThaiDuyet,NgayDangKy,DiemDanhGia) VALUES(v_tk_tnv(9),v_cd_ids(3),'HoanThanh',DATE '2024-06-25',8.5) RETURNING MaThamGia INTO v_tmp;
    INSERT INTO PhanCong(MaThamGia,MaCongViec,TrangThai) VALUES(v_tmp,v_cv_ids(8),'HoanThanh');
    INSERT INTO DiemDanh(MaThamGia,NgayDiemDanh,TrangThai,SoGioGhiNhan) VALUES(v_tmp,DATE '2024-06-25','CoMat',8);
    INSERT INTO ThamGiaTNV(MaTaiKhoan,MaChienDich,TrangThaiDuyet,NgayDangKy,DiemDanhGia) VALUES(v_tk_tnv(32),v_cd_ids(3),'HoanThanh',DATE '2024-06-25',8.5) RETURNING MaThamGia INTO v_tmp;
    INSERT INTO PhanCong(MaThamGia,MaCongViec,TrangThai) VALUES(v_tmp,v_cv_ids(9),'HoanThanh');
    INSERT INTO DiemDanh(MaThamGia,NgayDiemDanh,TrangThai,SoGioGhiNhan) VALUES(v_tmp,DATE '2024-06-25','CoMat',8);
    INSERT INTO ThamGiaTNV(MaTaiKhoan,MaChienDich,TrangThaiDuyet,NgayDangKy,DiemDanhGia) VALUES(v_tk_tnv(21),v_cd_ids(3),'HoanThanh',DATE '2024-06-25',8.5) RETURNING MaThamGia INTO v_tmp;
    INSERT INTO PhanCong(MaThamGia,MaCongViec,TrangThai) VALUES(v_tmp,v_cv_ids(7),'HoanThanh');
    INSERT INTO DiemDanh(MaThamGia,NgayDiemDanh,TrangThai,SoGioGhiNhan) VALUES(v_tmp,DATE '2024-06-25','CoMat',8);
    INSERT INTO ThamGiaTNV(MaTaiKhoan,MaChienDich,TrangThaiDuyet,NgayDangKy,DiemDanhGia) VALUES(v_tk_tnv(12),v_cd_ids(3),'HoanThanh',DATE '2024-06-25',8.5) RETURNING MaThamGia INTO v_tmp;
    INSERT INTO PhanCong(MaThamGia,MaCongViec,TrangThai) VALUES(v_tmp,v_cv_ids(8),'HoanThanh');
    INSERT INTO DiemDanh(MaThamGia,NgayDiemDanh,TrangThai,SoGioGhiNhan) VALUES(v_tmp,DATE '2024-06-25','CoMat',8);
    INSERT INTO ThamGiaTNV(MaTaiKhoan,MaChienDich,TrangThaiDuyet,NgayDangKy,DiemDanhGia) VALUES(v_tk_tnv(11),v_cd_ids(4),'HoanThanh',DATE '2024-03-10',8.5) RETURNING MaThamGia INTO v_tmp;
    INSERT INTO PhanCong(MaThamGia,MaCongViec,TrangThai) VALUES(v_tmp,v_cv_ids(10),'HoanThanh');
    INSERT INTO DiemDanh(MaThamGia,NgayDiemDanh,TrangThai,SoGioGhiNhan) VALUES(v_tmp,DATE '2024-03-10','CoMat',8);
    INSERT INTO ThamGiaTNV(MaTaiKhoan,MaChienDich,TrangThaiDuyet,NgayDangKy,DiemDanhGia) VALUES(v_tk_tnv(24),v_cd_ids(4),'HoanThanh',DATE '2024-03-10',8.5) RETURNING MaThamGia INTO v_tmp;
    INSERT INTO PhanCong(MaThamGia,MaCongViec,TrangThai) VALUES(v_tmp,v_cv_ids(11),'HoanThanh');
    INSERT INTO DiemDanh(MaThamGia,NgayDiemDanh,TrangThai,SoGioGhiNhan) VALUES(v_tmp,DATE '2024-03-10','CoMat',8);
    INSERT INTO ThamGiaTNV(MaTaiKhoan,MaChienDich,TrangThaiDuyet,NgayDangKy,DiemDanhGia) VALUES(v_tk_tnv(23),v_cd_ids(4),'HoanThanh',DATE '2024-03-10',8.5) RETURNING MaThamGia INTO v_tmp;
    INSERT INTO PhanCong(MaThamGia,MaCongViec,TrangThai) VALUES(v_tmp,v_cv_ids(12),'HoanThanh');
    INSERT INTO DiemDanh(MaThamGia,NgayDiemDanh,TrangThai,SoGioGhiNhan) VALUES(v_tmp,DATE '2024-03-10','CoMat',8);
    INSERT INTO ThamGiaTNV(MaTaiKhoan,MaChienDich,TrangThaiDuyet,NgayDangKy,DiemDanhGia) VALUES(v_tk_tnv(14),v_cd_ids(4),'HoanThanh',DATE '2024-03-10',8.5) RETURNING MaThamGia INTO v_tmp;
    INSERT INTO PhanCong(MaThamGia,MaCongViec,TrangThai) VALUES(v_tmp,v_cv_ids(10),'HoanThanh');
    INSERT INTO DiemDanh(MaThamGia,NgayDiemDanh,TrangThai,SoGioGhiNhan) VALUES(v_tmp,DATE '2024-03-10','CoMat',8);
    INSERT INTO ThamGiaTNV(MaTaiKhoan,MaChienDich,TrangThaiDuyet,NgayDangKy,DiemDanhGia) VALUES(v_tk_tnv(18),v_cd_ids(4),'HoanThanh',DATE '2024-03-10',8.5) RETURNING MaThamGia INTO v_tmp;
    INSERT INTO PhanCong(MaThamGia,MaCongViec,TrangThai) VALUES(v_tmp,v_cv_ids(11),'HoanThanh');
    INSERT INTO DiemDanh(MaThamGia,NgayDiemDanh,TrangThai,SoGioGhiNhan) VALUES(v_tmp,DATE '2024-03-10','CoMat',8);
    INSERT INTO ThamGiaTNV(MaTaiKhoan,MaChienDich,TrangThaiDuyet,NgayDangKy,DiemDanhGia) VALUES(v_tk_tnv(5),v_cd_ids(4),'HoanThanh',DATE '2024-03-10',8.5) RETURNING MaThamGia INTO v_tmp;
    INSERT INTO PhanCong(MaThamGia,MaCongViec,TrangThai) VALUES(v_tmp,v_cv_ids(12),'HoanThanh');
    INSERT INTO DiemDanh(MaThamGia,NgayDiemDanh,TrangThai,SoGioGhiNhan) VALUES(v_tmp,DATE '2024-03-10','CoMat',8);
    INSERT INTO ThamGiaTNV(MaTaiKhoan,MaChienDich,TrangThaiDuyet,NgayDangKy,DiemDanhGia) VALUES(v_tk_tnv(40),v_cd_ids(4),'HoanThanh',DATE '2024-03-10',8.5) RETURNING MaThamGia INTO v_tmp;
    INSERT INTO PhanCong(MaThamGia,MaCongViec,TrangThai) VALUES(v_tmp,v_cv_ids(10),'HoanThanh');
    INSERT INTO DiemDanh(MaThamGia,NgayDiemDanh,TrangThai,SoGioGhiNhan) VALUES(v_tmp,DATE '2024-03-10','CoMat',8);
    INSERT INTO ThamGiaTNV(MaTaiKhoan,MaChienDich,TrangThaiDuyet,NgayDangKy,DiemDanhGia) VALUES(v_tk_tnv(16),v_cd_ids(4),'HoanThanh',DATE '2024-03-10',8.5) RETURNING MaThamGia INTO v_tmp;
    INSERT INTO PhanCong(MaThamGia,MaCongViec,TrangThai) VALUES(v_tmp,v_cv_ids(11),'HoanThanh');
    INSERT INTO DiemDanh(MaThamGia,NgayDiemDanh,TrangThai,SoGioGhiNhan) VALUES(v_tmp,DATE '2024-03-10','CoMat',8);
    INSERT INTO ThamGiaTNV(MaTaiKhoan,MaChienDich,TrangThaiDuyet,NgayDangKy,DiemDanhGia) VALUES(v_tk_tnv(34),v_cd_ids(4),'HoanThanh',DATE '2024-03-10',8.5) RETURNING MaThamGia INTO v_tmp;
    INSERT INTO PhanCong(MaThamGia,MaCongViec,TrangThai) VALUES(v_tmp,v_cv_ids(12),'HoanThanh');
    INSERT INTO DiemDanh(MaThamGia,NgayDiemDanh,TrangThai,SoGioGhiNhan) VALUES(v_tmp,DATE '2024-03-10','CoMat',8);
    INSERT INTO ThamGiaTNV(MaTaiKhoan,MaChienDich,TrangThaiDuyet,NgayDangKy,DiemDanhGia) VALUES(v_tk_tnv(15),v_cd_ids(4),'HoanThanh',DATE '2024-03-10',8.5) RETURNING MaThamGia INTO v_tmp;
    INSERT INTO PhanCong(MaThamGia,MaCongViec,TrangThai) VALUES(v_tmp,v_cv_ids(10),'HoanThanh');
    INSERT INTO DiemDanh(MaThamGia,NgayDiemDanh,TrangThai,SoGioGhiNhan) VALUES(v_tmp,DATE '2024-03-10','CoMat',8);
    INSERT INTO ThamGiaTNV(MaTaiKhoan,MaChienDich,TrangThaiDuyet,NgayDangKy,DiemDanhGia) VALUES(v_tk_tnv(13),v_cd_ids(4),'HoanThanh',DATE '2024-03-10',8.5) RETURNING MaThamGia INTO v_tmp;
    INSERT INTO PhanCong(MaThamGia,MaCongViec,TrangThai) VALUES(v_tmp,v_cv_ids(11),'HoanThanh');
    INSERT INTO DiemDanh(MaThamGia,NgayDiemDanh,TrangThai,SoGioGhiNhan) VALUES(v_tmp,DATE '2024-03-10','CoMat',8);
    INSERT INTO ThamGiaTNV(MaTaiKhoan,MaChienDich,TrangThaiDuyet,NgayDangKy,DiemDanhGia) VALUES(v_tk_tnv(9),v_cd_ids(4),'HoanThanh',DATE '2024-03-10',8.5) RETURNING MaThamGia INTO v_tmp;
    INSERT INTO PhanCong(MaThamGia,MaCongViec,TrangThai) VALUES(v_tmp,v_cv_ids(12),'HoanThanh');
    INSERT INTO DiemDanh(MaThamGia,NgayDiemDanh,TrangThai,SoGioGhiNhan) VALUES(v_tmp,DATE '2024-03-10','CoMat',8);
    INSERT INTO ThamGiaTNV(MaTaiKhoan,MaChienDich,TrangThaiDuyet,NgayDangKy,DiemDanhGia) VALUES(v_tk_tnv(21),v_cd_ids(4),'HoanThanh',DATE '2024-03-10',8.5) RETURNING MaThamGia INTO v_tmp;
    INSERT INTO PhanCong(MaThamGia,MaCongViec,TrangThai) VALUES(v_tmp,v_cv_ids(10),'HoanThanh');
    INSERT INTO DiemDanh(MaThamGia,NgayDiemDanh,TrangThai,SoGioGhiNhan) VALUES(v_tmp,DATE '2024-03-10','CoMat',8);
    INSERT INTO ThamGiaTNV(MaTaiKhoan,MaChienDich,TrangThaiDuyet,NgayDangKy,DiemDanhGia) VALUES(v_tk_tnv(38),v_cd_ids(4),'HoanThanh',DATE '2024-03-10',8.5) RETURNING MaThamGia INTO v_tmp;
    INSERT INTO PhanCong(MaThamGia,MaCongViec,TrangThai) VALUES(v_tmp,v_cv_ids(11),'HoanThanh');
    INSERT INTO DiemDanh(MaThamGia,NgayDiemDanh,TrangThai,SoGioGhiNhan) VALUES(v_tmp,DATE '2024-03-10','CoMat',8);
    INSERT INTO ThamGiaTNV(MaTaiKhoan,MaChienDich,TrangThaiDuyet,NgayDangKy,DiemDanhGia) VALUES(v_tk_tnv(36),v_cd_ids(4),'HoanThanh',DATE '2024-03-10',8.5) RETURNING MaThamGia INTO v_tmp;
    INSERT INTO PhanCong(MaThamGia,MaCongViec,TrangThai) VALUES(v_tmp,v_cv_ids(12),'HoanThanh');
    INSERT INTO DiemDanh(MaThamGia,NgayDiemDanh,TrangThai,SoGioGhiNhan) VALUES(v_tmp,DATE '2024-03-10','CoMat',8);
    INSERT INTO ThamGiaTNV(MaTaiKhoan,MaChienDich,TrangThaiDuyet,NgayDangKy,DiemDanhGia) VALUES(v_tk_tnv(15),v_cd_ids(5),'HoanThanh',DATE '2024-04-14',8.5) RETURNING MaThamGia INTO v_tmp;
    INSERT INTO PhanCong(MaThamGia,MaCongViec,TrangThai) VALUES(v_tmp,v_cv_ids(13),'HoanThanh');
    INSERT INTO DiemDanh(MaThamGia,NgayDiemDanh,TrangThai,SoGioGhiNhan) VALUES(v_tmp,DATE '2024-04-14','CoMat',8);
    INSERT INTO ThamGiaTNV(MaTaiKhoan,MaChienDich,TrangThaiDuyet,NgayDangKy,DiemDanhGia) VALUES(v_tk_tnv(21),v_cd_ids(5),'HoanThanh',DATE '2024-04-14',8.5) RETURNING MaThamGia INTO v_tmp;
    INSERT INTO PhanCong(MaThamGia,MaCongViec,TrangThai) VALUES(v_tmp,v_cv_ids(14),'HoanThanh');
    INSERT INTO DiemDanh(MaThamGia,NgayDiemDanh,TrangThai,SoGioGhiNhan) VALUES(v_tmp,DATE '2024-04-14','CoMat',8);
    INSERT INTO ThamGiaTNV(MaTaiKhoan,MaChienDich,TrangThaiDuyet,NgayDangKy,DiemDanhGia) VALUES(v_tk_tnv(4),v_cd_ids(5),'HoanThanh',DATE '2024-04-14',8.5) RETURNING MaThamGia INTO v_tmp;
    INSERT INTO PhanCong(MaThamGia,MaCongViec,TrangThai) VALUES(v_tmp,v_cv_ids(15),'HoanThanh');
    INSERT INTO DiemDanh(MaThamGia,NgayDiemDanh,TrangThai,SoGioGhiNhan) VALUES(v_tmp,DATE '2024-04-14','CoMat',8);
    INSERT INTO ThamGiaTNV(MaTaiKhoan,MaChienDich,TrangThaiDuyet,NgayDangKy,DiemDanhGia) VALUES(v_tk_tnv(40),v_cd_ids(5),'HoanThanh',DATE '2024-04-14',8.5) RETURNING MaThamGia INTO v_tmp;
    INSERT INTO PhanCong(MaThamGia,MaCongViec,TrangThai) VALUES(v_tmp,v_cv_ids(13),'HoanThanh');
    INSERT INTO DiemDanh(MaThamGia,NgayDiemDanh,TrangThai,SoGioGhiNhan) VALUES(v_tmp,DATE '2024-04-14','CoMat',8);
    INSERT INTO ThamGiaTNV(MaTaiKhoan,MaChienDich,TrangThaiDuyet,NgayDangKy,DiemDanhGia) VALUES(v_tk_tnv(3),v_cd_ids(5),'HoanThanh',DATE '2024-04-14',8.5) RETURNING MaThamGia INTO v_tmp;
    INSERT INTO PhanCong(MaThamGia,MaCongViec,TrangThai) VALUES(v_tmp,v_cv_ids(14),'HoanThanh');
    INSERT INTO DiemDanh(MaThamGia,NgayDiemDanh,TrangThai,SoGioGhiNhan) VALUES(v_tmp,DATE '2024-04-14','CoMat',8);
    INSERT INTO ThamGiaTNV(MaTaiKhoan,MaChienDich,TrangThaiDuyet,NgayDangKy,DiemDanhGia) VALUES(v_tk_tnv(39),v_cd_ids(5),'HoanThanh',DATE '2024-04-14',8.5) RETURNING MaThamGia INTO v_tmp;
    INSERT INTO PhanCong(MaThamGia,MaCongViec,TrangThai) VALUES(v_tmp,v_cv_ids(15),'HoanThanh');
    INSERT INTO DiemDanh(MaThamGia,NgayDiemDanh,TrangThai,SoGioGhiNhan) VALUES(v_tmp,DATE '2024-04-14','CoMat',8);
    INSERT INTO ThamGiaTNV(MaTaiKhoan,MaChienDich,TrangThaiDuyet,NgayDangKy,DiemDanhGia) VALUES(v_tk_tnv(26),v_cd_ids(5),'HoanThanh',DATE '2024-04-14',8.5) RETURNING MaThamGia INTO v_tmp;
    INSERT INTO PhanCong(MaThamGia,MaCongViec,TrangThai) VALUES(v_tmp,v_cv_ids(13),'HoanThanh');
    INSERT INTO DiemDanh(MaThamGia,NgayDiemDanh,TrangThai,SoGioGhiNhan) VALUES(v_tmp,DATE '2024-04-14','CoMat',8);
    INSERT INTO ThamGiaTNV(MaTaiKhoan,MaChienDich,TrangThaiDuyet,NgayDangKy,DiemDanhGia) VALUES(v_tk_tnv(18),v_cd_ids(5),'HoanThanh',DATE '2024-04-14',8.5) RETURNING MaThamGia INTO v_tmp;
    INSERT INTO PhanCong(MaThamGia,MaCongViec,TrangThai) VALUES(v_tmp,v_cv_ids(14),'HoanThanh');
    INSERT INTO DiemDanh(MaThamGia,NgayDiemDanh,TrangThai,SoGioGhiNhan) VALUES(v_tmp,DATE '2024-04-14','CoMat',8);
    INSERT INTO ThamGiaTNV(MaTaiKhoan,MaChienDich,TrangThaiDuyet,NgayDangKy,DiemDanhGia) VALUES(v_tk_tnv(5),v_cd_ids(5),'HoanThanh',DATE '2024-04-14',8.5) RETURNING MaThamGia INTO v_tmp;
    INSERT INTO PhanCong(MaThamGia,MaCongViec,TrangThai) VALUES(v_tmp,v_cv_ids(15),'HoanThanh');
    INSERT INTO DiemDanh(MaThamGia,NgayDiemDanh,TrangThai,SoGioGhiNhan) VALUES(v_tmp,DATE '2024-04-14','CoMat',8);
    INSERT INTO ThamGiaTNV(MaTaiKhoan,MaChienDich,TrangThaiDuyet,NgayDangKy,DiemDanhGia) VALUES(v_tk_tnv(7),v_cd_ids(5),'HoanThanh',DATE '2024-04-14',8.5) RETURNING MaThamGia INTO v_tmp;
    INSERT INTO PhanCong(MaThamGia,MaCongViec,TrangThai) VALUES(v_tmp,v_cv_ids(13),'HoanThanh');
    INSERT INTO DiemDanh(MaThamGia,NgayDiemDanh,TrangThai,SoGioGhiNhan) VALUES(v_tmp,DATE '2024-04-14','CoMat',8);
    INSERT INTO ThamGiaTNV(MaTaiKhoan,MaChienDich,TrangThaiDuyet,NgayDangKy,DiemDanhGia) VALUES(v_tk_tnv(30),v_cd_ids(5),'HoanThanh',DATE '2024-04-14',8.5) RETURNING MaThamGia INTO v_tmp;
    INSERT INTO PhanCong(MaThamGia,MaCongViec,TrangThai) VALUES(v_tmp,v_cv_ids(14),'HoanThanh');
    INSERT INTO DiemDanh(MaThamGia,NgayDiemDanh,TrangThai,SoGioGhiNhan) VALUES(v_tmp,DATE '2024-04-14','CoMat',8);
    INSERT INTO ThamGiaTNV(MaTaiKhoan,MaChienDich,TrangThaiDuyet,NgayDangKy,DiemDanhGia) VALUES(v_tk_tnv(19),v_cd_ids(5),'HoanThanh',DATE '2024-04-14',8.5) RETURNING MaThamGia INTO v_tmp;
    INSERT INTO PhanCong(MaThamGia,MaCongViec,TrangThai) VALUES(v_tmp,v_cv_ids(15),'HoanThanh');
    INSERT INTO DiemDanh(MaThamGia,NgayDiemDanh,TrangThai,SoGioGhiNhan) VALUES(v_tmp,DATE '2024-04-14','CoMat',8);
    INSERT INTO ThamGiaTNV(MaTaiKhoan,MaChienDich,TrangThaiDuyet,NgayDangKy,DiemDanhGia) VALUES(v_tk_tnv(23),v_cd_ids(5),'HoanThanh',DATE '2024-04-14',8.5) RETURNING MaThamGia INTO v_tmp;
    INSERT INTO PhanCong(MaThamGia,MaCongViec,TrangThai) VALUES(v_tmp,v_cv_ids(13),'HoanThanh');
    INSERT INTO DiemDanh(MaThamGia,NgayDiemDanh,TrangThai,SoGioGhiNhan) VALUES(v_tmp,DATE '2024-04-14','CoMat',8);
    INSERT INTO ThamGiaTNV(MaTaiKhoan,MaChienDich,TrangThaiDuyet,NgayDangKy,DiemDanhGia) VALUES(v_tk_tnv(11),v_cd_ids(5),'HoanThanh',DATE '2024-04-14',8.5) RETURNING MaThamGia INTO v_tmp;
    INSERT INTO PhanCong(MaThamGia,MaCongViec,TrangThai) VALUES(v_tmp,v_cv_ids(14),'HoanThanh');
    INSERT INTO DiemDanh(MaThamGia,NgayDiemDanh,TrangThai,SoGioGhiNhan) VALUES(v_tmp,DATE '2024-04-14','CoMat',8);
    INSERT INTO ThamGiaTNV(MaTaiKhoan,MaChienDich,TrangThaiDuyet,NgayDangKy,DiemDanhGia) VALUES(v_tk_tnv(31),v_cd_ids(5),'HoanThanh',DATE '2024-04-14',8.5) RETURNING MaThamGia INTO v_tmp;
    INSERT INTO PhanCong(MaThamGia,MaCongViec,TrangThai) VALUES(v_tmp,v_cv_ids(15),'HoanThanh');
    INSERT INTO DiemDanh(MaThamGia,NgayDiemDanh,TrangThai,SoGioGhiNhan) VALUES(v_tmp,DATE '2024-04-14','CoMat',8);
    INSERT INTO ThamGiaTNV(MaTaiKhoan,MaChienDich,TrangThaiDuyet,NgayDangKy,DiemDanhGia) VALUES(v_tk_tnv(32),v_cd_ids(6),'HoanThanh',DATE '2024-11-01',8.5) RETURNING MaThamGia INTO v_tmp;
    INSERT INTO PhanCong(MaThamGia,MaCongViec,TrangThai) VALUES(v_tmp,v_cv_ids(16),'HoanThanh');
    INSERT INTO DiemDanh(MaThamGia,NgayDiemDanh,TrangThai,SoGioGhiNhan) VALUES(v_tmp,DATE '2024-11-01','CoMat',8);
    INSERT INTO ThamGiaTNV(MaTaiKhoan,MaChienDich,TrangThaiDuyet,NgayDangKy,DiemDanhGia) VALUES(v_tk_tnv(26),v_cd_ids(6),'HoanThanh',DATE '2024-11-01',8.5) RETURNING MaThamGia INTO v_tmp;
    INSERT INTO PhanCong(MaThamGia,MaCongViec,TrangThai) VALUES(v_tmp,v_cv_ids(17),'HoanThanh');
    INSERT INTO DiemDanh(MaThamGia,NgayDiemDanh,TrangThai,SoGioGhiNhan) VALUES(v_tmp,DATE '2024-11-01','CoMat',8);
    INSERT INTO ThamGiaTNV(MaTaiKhoan,MaChienDich,TrangThaiDuyet,NgayDangKy,DiemDanhGia) VALUES(v_tk_tnv(30),v_cd_ids(6),'HoanThanh',DATE '2024-11-01',8.5) RETURNING MaThamGia INTO v_tmp;
    INSERT INTO PhanCong(MaThamGia,MaCongViec,TrangThai) VALUES(v_tmp,v_cv_ids(18),'HoanThanh');
    INSERT INTO DiemDanh(MaThamGia,NgayDiemDanh,TrangThai,SoGioGhiNhan) VALUES(v_tmp,DATE '2024-11-01','CoMat',8);
    INSERT INTO ThamGiaTNV(MaTaiKhoan,MaChienDich,TrangThaiDuyet,NgayDangKy,DiemDanhGia) VALUES(v_tk_tnv(10),v_cd_ids(6),'HoanThanh',DATE '2024-11-01',8.5) RETURNING MaThamGia INTO v_tmp;
    INSERT INTO PhanCong(MaThamGia,MaCongViec,TrangThai) VALUES(v_tmp,v_cv_ids(16),'HoanThanh');
    INSERT INTO DiemDanh(MaThamGia,NgayDiemDanh,TrangThai,SoGioGhiNhan) VALUES(v_tmp,DATE '2024-11-01','CoMat',8);
    INSERT INTO ThamGiaTNV(MaTaiKhoan,MaChienDich,TrangThaiDuyet,NgayDangKy,DiemDanhGia) VALUES(v_tk_tnv(17),v_cd_ids(6),'HoanThanh',DATE '2024-11-01',8.5) RETURNING MaThamGia INTO v_tmp;
    INSERT INTO PhanCong(MaThamGia,MaCongViec,TrangThai) VALUES(v_tmp,v_cv_ids(17),'HoanThanh');
    INSERT INTO DiemDanh(MaThamGia,NgayDiemDanh,TrangThai,SoGioGhiNhan) VALUES(v_tmp,DATE '2024-11-01','CoMat',8);
    INSERT INTO ThamGiaTNV(MaTaiKhoan,MaChienDich,TrangThaiDuyet,NgayDangKy,DiemDanhGia) VALUES(v_tk_tnv(9),v_cd_ids(6),'HoanThanh',DATE '2024-11-01',8.5) RETURNING MaThamGia INTO v_tmp;
    INSERT INTO PhanCong(MaThamGia,MaCongViec,TrangThai) VALUES(v_tmp,v_cv_ids(18),'HoanThanh');
    INSERT INTO DiemDanh(MaThamGia,NgayDiemDanh,TrangThai,SoGioGhiNhan) VALUES(v_tmp,DATE '2024-11-01','CoMat',8);
    INSERT INTO ThamGiaTNV(MaTaiKhoan,MaChienDich,TrangThaiDuyet,NgayDangKy,DiemDanhGia) VALUES(v_tk_tnv(16),v_cd_ids(6),'HoanThanh',DATE '2024-11-01',8.5) RETURNING MaThamGia INTO v_tmp;
    INSERT INTO PhanCong(MaThamGia,MaCongViec,TrangThai) VALUES(v_tmp,v_cv_ids(16),'HoanThanh');
    INSERT INTO DiemDanh(MaThamGia,NgayDiemDanh,TrangThai,SoGioGhiNhan) VALUES(v_tmp,DATE '2024-11-01','CoMat',8);
    INSERT INTO ThamGiaTNV(MaTaiKhoan,MaChienDich,TrangThaiDuyet,NgayDangKy,DiemDanhGia) VALUES(v_tk_tnv(36),v_cd_ids(6),'HoanThanh',DATE '2024-11-01',8.5) RETURNING MaThamGia INTO v_tmp;
    INSERT INTO PhanCong(MaThamGia,MaCongViec,TrangThai) VALUES(v_tmp,v_cv_ids(17),'HoanThanh');
    INSERT INTO DiemDanh(MaThamGia,NgayDiemDanh,TrangThai,SoGioGhiNhan) VALUES(v_tmp,DATE '2024-11-01','CoMat',8);
    INSERT INTO ThamGiaTNV(MaTaiKhoan,MaChienDich,TrangThaiDuyet,NgayDangKy,DiemDanhGia) VALUES(v_tk_tnv(28),v_cd_ids(6),'HoanThanh',DATE '2024-11-01',8.5) RETURNING MaThamGia INTO v_tmp;
    INSERT INTO PhanCong(MaThamGia,MaCongViec,TrangThai) VALUES(v_tmp,v_cv_ids(18),'HoanThanh');
    INSERT INTO DiemDanh(MaThamGia,NgayDiemDanh,TrangThai,SoGioGhiNhan) VALUES(v_tmp,DATE '2024-11-01','CoMat',8);
    INSERT INTO ThamGiaTNV(MaTaiKhoan,MaChienDich,TrangThaiDuyet,NgayDangKy,DiemDanhGia) VALUES(v_tk_tnv(29),v_cd_ids(6),'HoanThanh',DATE '2024-11-01',8.5) RETURNING MaThamGia INTO v_tmp;
    INSERT INTO PhanCong(MaThamGia,MaCongViec,TrangThai) VALUES(v_tmp,v_cv_ids(16),'HoanThanh');
    INSERT INTO DiemDanh(MaThamGia,NgayDiemDanh,TrangThai,SoGioGhiNhan) VALUES(v_tmp,DATE '2024-11-01','CoMat',8);
    INSERT INTO ThamGiaTNV(MaTaiKhoan,MaChienDich,TrangThaiDuyet,NgayDangKy,DiemDanhGia) VALUES(v_tk_tnv(19),v_cd_ids(6),'HoanThanh',DATE '2024-11-01',8.5) RETURNING MaThamGia INTO v_tmp;
    INSERT INTO PhanCong(MaThamGia,MaCongViec,TrangThai) VALUES(v_tmp,v_cv_ids(17),'HoanThanh');
    INSERT INTO DiemDanh(MaThamGia,NgayDiemDanh,TrangThai,SoGioGhiNhan) VALUES(v_tmp,DATE '2024-11-01','CoMat',8);
    INSERT INTO ThamGiaTNV(MaTaiKhoan,MaChienDich,TrangThaiDuyet,NgayDangKy,DiemDanhGia) VALUES(v_tk_tnv(13),v_cd_ids(6),'HoanThanh',DATE '2024-11-01',8.5) RETURNING MaThamGia INTO v_tmp;
    INSERT INTO PhanCong(MaThamGia,MaCongViec,TrangThai) VALUES(v_tmp,v_cv_ids(18),'HoanThanh');
    INSERT INTO DiemDanh(MaThamGia,NgayDiemDanh,TrangThai,SoGioGhiNhan) VALUES(v_tmp,DATE '2024-11-01','CoMat',8);
    INSERT INTO ThamGiaTNV(MaTaiKhoan,MaChienDich,TrangThaiDuyet,NgayDangKy,DiemDanhGia) VALUES(v_tk_tnv(12),v_cd_ids(6),'HoanThanh',DATE '2024-11-01',8.5) RETURNING MaThamGia INTO v_tmp;
    INSERT INTO PhanCong(MaThamGia,MaCongViec,TrangThai) VALUES(v_tmp,v_cv_ids(16),'HoanThanh');
    INSERT INTO DiemDanh(MaThamGia,NgayDiemDanh,TrangThai,SoGioGhiNhan) VALUES(v_tmp,DATE '2024-11-01','CoMat',8);
    INSERT INTO ThamGiaTNV(MaTaiKhoan,MaChienDich,TrangThaiDuyet,NgayDangKy,DiemDanhGia) VALUES(v_tk_tnv(8),v_cd_ids(6),'HoanThanh',DATE '2024-11-01',8.5) RETURNING MaThamGia INTO v_tmp;
    INSERT INTO PhanCong(MaThamGia,MaCongViec,TrangThai) VALUES(v_tmp,v_cv_ids(17),'HoanThanh');
    INSERT INTO DiemDanh(MaThamGia,NgayDiemDanh,TrangThai,SoGioGhiNhan) VALUES(v_tmp,DATE '2024-11-01','CoMat',8);
    INSERT INTO ThamGiaTNV(MaTaiKhoan,MaChienDich,TrangThaiDuyet,NgayDangKy,DiemDanhGia) VALUES(v_tk_tnv(5),v_cd_ids(6),'HoanThanh',DATE '2024-11-01',8.5) RETURNING MaThamGia INTO v_tmp;
    INSERT INTO PhanCong(MaThamGia,MaCongViec,TrangThai) VALUES(v_tmp,v_cv_ids(18),'HoanThanh');
    INSERT INTO DiemDanh(MaThamGia,NgayDiemDanh,TrangThai,SoGioGhiNhan) VALUES(v_tmp,DATE '2024-11-01','CoMat',8);
    INSERT INTO ThamGiaTNV(MaTaiKhoan,MaChienDich,TrangThaiDuyet,NgayDangKy,DiemDanhGia) VALUES(v_tk_tnv(33),v_cd_ids(6),'HoanThanh',DATE '2024-11-01',8.5) RETURNING MaThamGia INTO v_tmp;
    INSERT INTO PhanCong(MaThamGia,MaCongViec,TrangThai) VALUES(v_tmp,v_cv_ids(16),'HoanThanh');
    INSERT INTO DiemDanh(MaThamGia,NgayDiemDanh,TrangThai,SoGioGhiNhan) VALUES(v_tmp,DATE '2024-11-01','CoMat',8);
    INSERT INTO ThamGiaTNV(MaTaiKhoan,MaChienDich,TrangThaiDuyet,NgayDangKy,DiemDanhGia) VALUES(v_tk_tnv(34),v_cd_ids(6),'HoanThanh',DATE '2024-11-01',8.5) RETURNING MaThamGia INTO v_tmp;
    INSERT INTO PhanCong(MaThamGia,MaCongViec,TrangThai) VALUES(v_tmp,v_cv_ids(17),'HoanThanh');
    INSERT INTO DiemDanh(MaThamGia,NgayDiemDanh,TrangThai,SoGioGhiNhan) VALUES(v_tmp,DATE '2024-11-01','CoMat',8);
    INSERT INTO ThamGiaTNV(MaTaiKhoan,MaChienDich,TrangThaiDuyet,NgayDangKy,DiemDanhGia) VALUES(v_tk_tnv(3),v_cd_ids(6),'HoanThanh',DATE '2024-11-01',8.5) RETURNING MaThamGia INTO v_tmp;
    INSERT INTO PhanCong(MaThamGia,MaCongViec,TrangThai) VALUES(v_tmp,v_cv_ids(18),'HoanThanh');
    INSERT INTO DiemDanh(MaThamGia,NgayDiemDanh,TrangThai,SoGioGhiNhan) VALUES(v_tmp,DATE '2024-11-01','CoMat',8);
    INSERT INTO ThamGiaTNV(MaTaiKhoan,MaChienDich,TrangThaiDuyet,NgayDangKy,DiemDanhGia) VALUES(v_tk_tnv(2),v_cd_ids(6),'HoanThanh',DATE '2024-11-01',8.5) RETURNING MaThamGia INTO v_tmp;
    INSERT INTO PhanCong(MaThamGia,MaCongViec,TrangThai) VALUES(v_tmp,v_cv_ids(16),'HoanThanh');
    INSERT INTO DiemDanh(MaThamGia,NgayDiemDanh,TrangThai,SoGioGhiNhan) VALUES(v_tmp,DATE '2024-11-01','CoMat',8);
    INSERT INTO ThamGiaTNV(MaTaiKhoan,MaChienDich,TrangThaiDuyet,NgayDangKy,DiemDanhGia) VALUES(v_tk_tnv(4),v_cd_ids(6),'HoanThanh',DATE '2024-11-01',8.5) RETURNING MaThamGia INTO v_tmp;
    INSERT INTO PhanCong(MaThamGia,MaCongViec,TrangThai) VALUES(v_tmp,v_cv_ids(17),'HoanThanh');
    INSERT INTO DiemDanh(MaThamGia,NgayDiemDanh,TrangThai,SoGioGhiNhan) VALUES(v_tmp,DATE '2024-11-01','CoMat',8);
    INSERT INTO ThamGiaTNV(MaTaiKhoan,MaChienDich,TrangThaiDuyet,NgayDangKy,DiemDanhGia) VALUES(v_tk_tnv(10),v_cd_ids(7),'HoanThanh',DATE '2024-10-20',8.5) RETURNING MaThamGia INTO v_tmp;
    INSERT INTO PhanCong(MaThamGia,MaCongViec,TrangThai) VALUES(v_tmp,v_cv_ids(19),'HoanThanh');
    INSERT INTO DiemDanh(MaThamGia,NgayDiemDanh,TrangThai,SoGioGhiNhan) VALUES(v_tmp,DATE '2024-10-20','CoMat',8);
    INSERT INTO ThamGiaTNV(MaTaiKhoan,MaChienDich,TrangThaiDuyet,NgayDangKy,DiemDanhGia) VALUES(v_tk_tnv(11),v_cd_ids(7),'HoanThanh',DATE '2024-10-20',8.5) RETURNING MaThamGia INTO v_tmp;
    INSERT INTO PhanCong(MaThamGia,MaCongViec,TrangThai) VALUES(v_tmp,v_cv_ids(20),'HoanThanh');
    INSERT INTO DiemDanh(MaThamGia,NgayDiemDanh,TrangThai,SoGioGhiNhan) VALUES(v_tmp,DATE '2024-10-20','CoMat',8);
    INSERT INTO ThamGiaTNV(MaTaiKhoan,MaChienDich,TrangThaiDuyet,NgayDangKy,DiemDanhGia) VALUES(v_tk_tnv(28),v_cd_ids(7),'HoanThanh',DATE '2024-10-20',8.5) RETURNING MaThamGia INTO v_tmp;
    INSERT INTO PhanCong(MaThamGia,MaCongViec,TrangThai) VALUES(v_tmp,v_cv_ids(21),'HoanThanh');
    INSERT INTO DiemDanh(MaThamGia,NgayDiemDanh,TrangThai,SoGioGhiNhan) VALUES(v_tmp,DATE '2024-10-20','CoMat',8);
    INSERT INTO ThamGiaTNV(MaTaiKhoan,MaChienDich,TrangThaiDuyet,NgayDangKy,DiemDanhGia) VALUES(v_tk_tnv(5),v_cd_ids(7),'HoanThanh',DATE '2024-10-20',8.5) RETURNING MaThamGia INTO v_tmp;
    INSERT INTO PhanCong(MaThamGia,MaCongViec,TrangThai) VALUES(v_tmp,v_cv_ids(19),'HoanThanh');
    INSERT INTO DiemDanh(MaThamGia,NgayDiemDanh,TrangThai,SoGioGhiNhan) VALUES(v_tmp,DATE '2024-10-20','CoMat',8);
    INSERT INTO ThamGiaTNV(MaTaiKhoan,MaChienDich,TrangThaiDuyet,NgayDangKy,DiemDanhGia) VALUES(v_tk_tnv(25),v_cd_ids(7),'HoanThanh',DATE '2024-10-20',8.5) RETURNING MaThamGia INTO v_tmp;
    INSERT INTO PhanCong(MaThamGia,MaCongViec,TrangThai) VALUES(v_tmp,v_cv_ids(20),'HoanThanh');
    INSERT INTO DiemDanh(MaThamGia,NgayDiemDanh,TrangThai,SoGioGhiNhan) VALUES(v_tmp,DATE '2024-10-20','CoMat',8);
    INSERT INTO ThamGiaTNV(MaTaiKhoan,MaChienDich,TrangThaiDuyet,NgayDangKy,DiemDanhGia) VALUES(v_tk_tnv(36),v_cd_ids(7),'HoanThanh',DATE '2024-10-20',8.5) RETURNING MaThamGia INTO v_tmp;
    INSERT INTO PhanCong(MaThamGia,MaCongViec,TrangThai) VALUES(v_tmp,v_cv_ids(21),'HoanThanh');
    INSERT INTO DiemDanh(MaThamGia,NgayDiemDanh,TrangThai,SoGioGhiNhan) VALUES(v_tmp,DATE '2024-10-20','CoMat',8);
    INSERT INTO ThamGiaTNV(MaTaiKhoan,MaChienDich,TrangThaiDuyet,NgayDangKy,DiemDanhGia) VALUES(v_tk_tnv(30),v_cd_ids(7),'HoanThanh',DATE '2024-10-20',8.5) RETURNING MaThamGia INTO v_tmp;
    INSERT INTO PhanCong(MaThamGia,MaCongViec,TrangThai) VALUES(v_tmp,v_cv_ids(19),'HoanThanh');
    INSERT INTO DiemDanh(MaThamGia,NgayDiemDanh,TrangThai,SoGioGhiNhan) VALUES(v_tmp,DATE '2024-10-20','CoMat',8);
    INSERT INTO ThamGiaTNV(MaTaiKhoan,MaChienDich,TrangThaiDuyet,NgayDangKy,DiemDanhGia) VALUES(v_tk_tnv(17),v_cd_ids(7),'HoanThanh',DATE '2024-10-20',8.5) RETURNING MaThamGia INTO v_tmp;
    INSERT INTO PhanCong(MaThamGia,MaCongViec,TrangThai) VALUES(v_tmp,v_cv_ids(20),'HoanThanh');
    INSERT INTO DiemDanh(MaThamGia,NgayDiemDanh,TrangThai,SoGioGhiNhan) VALUES(v_tmp,DATE '2024-10-20','CoMat',8);
    INSERT INTO ThamGiaTNV(MaTaiKhoan,MaChienDich,TrangThaiDuyet,NgayDangKy,DiemDanhGia) VALUES(v_tk_tnv(1),v_cd_ids(7),'HoanThanh',DATE '2024-10-20',8.5) RETURNING MaThamGia INTO v_tmp;
    INSERT INTO PhanCong(MaThamGia,MaCongViec,TrangThai) VALUES(v_tmp,v_cv_ids(21),'HoanThanh');
    INSERT INTO DiemDanh(MaThamGia,NgayDiemDanh,TrangThai,SoGioGhiNhan) VALUES(v_tmp,DATE '2024-10-20','CoMat',8);
    INSERT INTO ThamGiaTNV(MaTaiKhoan,MaChienDich,TrangThaiDuyet,NgayDangKy,DiemDanhGia) VALUES(v_tk_tnv(22),v_cd_ids(7),'HoanThanh',DATE '2024-10-20',8.5) RETURNING MaThamGia INTO v_tmp;
    INSERT INTO PhanCong(MaThamGia,MaCongViec,TrangThai) VALUES(v_tmp,v_cv_ids(19),'HoanThanh');
    INSERT INTO DiemDanh(MaThamGia,NgayDiemDanh,TrangThai,SoGioGhiNhan) VALUES(v_tmp,DATE '2024-10-20','CoMat',8);
    INSERT INTO ThamGiaTNV(MaTaiKhoan,MaChienDich,TrangThaiDuyet,NgayDangKy,DiemDanhGia) VALUES(v_tk_tnv(24),v_cd_ids(7),'HoanThanh',DATE '2024-10-20',8.5) RETURNING MaThamGia INTO v_tmp;
    INSERT INTO PhanCong(MaThamGia,MaCongViec,TrangThai) VALUES(v_tmp,v_cv_ids(20),'HoanThanh');
    INSERT INTO DiemDanh(MaThamGia,NgayDiemDanh,TrangThai,SoGioGhiNhan) VALUES(v_tmp,DATE '2024-10-20','CoMat',8);
    INSERT INTO ThamGiaTNV(MaTaiKhoan,MaChienDich,TrangThaiDuyet,NgayDangKy,DiemDanhGia) VALUES(v_tk_tnv(4),v_cd_ids(7),'HoanThanh',DATE '2024-10-20',8.5) RETURNING MaThamGia INTO v_tmp;
    INSERT INTO PhanCong(MaThamGia,MaCongViec,TrangThai) VALUES(v_tmp,v_cv_ids(21),'HoanThanh');
    INSERT INTO DiemDanh(MaThamGia,NgayDiemDanh,TrangThai,SoGioGhiNhan) VALUES(v_tmp,DATE '2024-10-20','CoMat',8);
    INSERT INTO ThamGiaTNV(MaTaiKhoan,MaChienDich,TrangThaiDuyet,NgayDangKy,DiemDanhGia) VALUES(v_tk_tnv(31),v_cd_ids(7),'HoanThanh',DATE '2024-10-20',8.5) RETURNING MaThamGia INTO v_tmp;
    INSERT INTO PhanCong(MaThamGia,MaCongViec,TrangThai) VALUES(v_tmp,v_cv_ids(19),'HoanThanh');
    INSERT INTO DiemDanh(MaThamGia,NgayDiemDanh,TrangThai,SoGioGhiNhan) VALUES(v_tmp,DATE '2024-10-20','CoMat',8);
    INSERT INTO ThamGiaTNV(MaTaiKhoan,MaChienDich,TrangThaiDuyet,NgayDangKy,DiemDanhGia) VALUES(v_tk_tnv(18),v_cd_ids(7),'HoanThanh',DATE '2024-10-20',8.5) RETURNING MaThamGia INTO v_tmp;
    INSERT INTO PhanCong(MaThamGia,MaCongViec,TrangThai) VALUES(v_tmp,v_cv_ids(20),'HoanThanh');
    INSERT INTO DiemDanh(MaThamGia,NgayDiemDanh,TrangThai,SoGioGhiNhan) VALUES(v_tmp,DATE '2024-10-20','CoMat',8);
    INSERT INTO ThamGiaTNV(MaTaiKhoan,MaChienDich,TrangThaiDuyet,NgayDangKy,DiemDanhGia) VALUES(v_tk_tnv(35),v_cd_ids(7),'HoanThanh',DATE '2024-10-20',8.5) RETURNING MaThamGia INTO v_tmp;
    INSERT INTO PhanCong(MaThamGia,MaCongViec,TrangThai) VALUES(v_tmp,v_cv_ids(21),'HoanThanh');
    INSERT INTO DiemDanh(MaThamGia,NgayDiemDanh,TrangThai,SoGioGhiNhan) VALUES(v_tmp,DATE '2024-10-20','CoMat',8);
    INSERT INTO ThamGiaTNV(MaTaiKhoan,MaChienDich,TrangThaiDuyet,NgayDangKy,DiemDanhGia) VALUES(v_tk_tnv(9),v_cd_ids(7),'HoanThanh',DATE '2024-10-20',8.5) RETURNING MaThamGia INTO v_tmp;
    INSERT INTO PhanCong(MaThamGia,MaCongViec,TrangThai) VALUES(v_tmp,v_cv_ids(19),'HoanThanh');
    INSERT INTO DiemDanh(MaThamGia,NgayDiemDanh,TrangThai,SoGioGhiNhan) VALUES(v_tmp,DATE '2024-10-20','CoMat',8);
    INSERT INTO ThamGiaTNV(MaTaiKhoan,MaChienDich,TrangThaiDuyet,NgayDangKy,DiemDanhGia) VALUES(v_tk_tnv(21),v_cd_ids(7),'HoanThanh',DATE '2024-10-20',8.5) RETURNING MaThamGia INTO v_tmp;
    INSERT INTO PhanCong(MaThamGia,MaCongViec,TrangThai) VALUES(v_tmp,v_cv_ids(20),'HoanThanh');
    INSERT INTO DiemDanh(MaThamGia,NgayDiemDanh,TrangThai,SoGioGhiNhan) VALUES(v_tmp,DATE '2024-10-20','CoMat',8);
    INSERT INTO ThamGiaTNV(MaTaiKhoan,MaChienDich,TrangThaiDuyet,NgayDangKy,DiemDanhGia) VALUES(v_tk_tnv(39),v_cd_ids(7),'HoanThanh',DATE '2024-10-20',8.5) RETURNING MaThamGia INTO v_tmp;
    INSERT INTO PhanCong(MaThamGia,MaCongViec,TrangThai) VALUES(v_tmp,v_cv_ids(21),'HoanThanh');
    INSERT INTO DiemDanh(MaThamGia,NgayDiemDanh,TrangThai,SoGioGhiNhan) VALUES(v_tmp,DATE '2024-10-20','CoMat',8);
    INSERT INTO ThamGiaTNV(MaTaiKhoan,MaChienDich,TrangThaiDuyet,NgayDangKy,DiemDanhGia) VALUES(v_tk_tnv(29),v_cd_ids(7),'HoanThanh',DATE '2024-10-20',8.5) RETURNING MaThamGia INTO v_tmp;
    INSERT INTO PhanCong(MaThamGia,MaCongViec,TrangThai) VALUES(v_tmp,v_cv_ids(19),'HoanThanh');
    INSERT INTO DiemDanh(MaThamGia,NgayDiemDanh,TrangThai,SoGioGhiNhan) VALUES(v_tmp,DATE '2024-10-20','CoMat',8);
    INSERT INTO ThamGiaTNV(MaTaiKhoan,MaChienDich,TrangThaiDuyet,NgayDangKy,DiemDanhGia) VALUES(v_tk_tnv(40),v_cd_ids(7),'HoanThanh',DATE '2024-10-20',8.5) RETURNING MaThamGia INTO v_tmp;
    INSERT INTO PhanCong(MaThamGia,MaCongViec,TrangThai) VALUES(v_tmp,v_cv_ids(20),'HoanThanh');
    INSERT INTO DiemDanh(MaThamGia,NgayDiemDanh,TrangThai,SoGioGhiNhan) VALUES(v_tmp,DATE '2024-10-20','CoMat',8);
    INSERT INTO ThamGiaTNV(MaTaiKhoan,MaChienDich,TrangThaiDuyet,NgayDangKy,DiemDanhGia) VALUES(v_tk_tnv(14),v_cd_ids(7),'HoanThanh',DATE '2024-10-20',8.5) RETURNING MaThamGia INTO v_tmp;
    INSERT INTO PhanCong(MaThamGia,MaCongViec,TrangThai) VALUES(v_tmp,v_cv_ids(21),'HoanThanh');
    INSERT INTO DiemDanh(MaThamGia,NgayDiemDanh,TrangThai,SoGioGhiNhan) VALUES(v_tmp,DATE '2024-10-20','CoMat',8);
    INSERT INTO ThamGiaTNV(MaTaiKhoan,MaChienDich,TrangThaiDuyet,NgayDangKy,DiemDanhGia) VALUES(v_tk_tnv(6),v_cd_ids(7),'HoanThanh',DATE '2024-10-20',8.5) RETURNING MaThamGia INTO v_tmp;
    INSERT INTO PhanCong(MaThamGia,MaCongViec,TrangThai) VALUES(v_tmp,v_cv_ids(19),'HoanThanh');
    INSERT INTO DiemDanh(MaThamGia,NgayDiemDanh,TrangThai,SoGioGhiNhan) VALUES(v_tmp,DATE '2024-10-20','CoMat',8);
    INSERT INTO ThamGiaTNV(MaTaiKhoan,MaChienDich,TrangThaiDuyet,NgayDangKy,DiemDanhGia) VALUES(v_tk_tnv(15),v_cd_ids(7),'HoanThanh',DATE '2024-10-20',8.5) RETURNING MaThamGia INTO v_tmp;
    INSERT INTO PhanCong(MaThamGia,MaCongViec,TrangThai) VALUES(v_tmp,v_cv_ids(20),'HoanThanh');
    INSERT INTO DiemDanh(MaThamGia,NgayDiemDanh,TrangThai,SoGioGhiNhan) VALUES(v_tmp,DATE '2024-10-20','CoMat',8);
    INSERT INTO ThamGiaTNV(MaTaiKhoan,MaChienDich,TrangThaiDuyet,NgayDangKy,DiemDanhGia) VALUES(v_tk_tnv(32),v_cd_ids(7),'HoanThanh',DATE '2024-10-20',8.5) RETURNING MaThamGia INTO v_tmp;
    INSERT INTO PhanCong(MaThamGia,MaCongViec,TrangThai) VALUES(v_tmp,v_cv_ids(21),'HoanThanh');
    INSERT INTO DiemDanh(MaThamGia,NgayDiemDanh,TrangThai,SoGioGhiNhan) VALUES(v_tmp,DATE '2024-10-20','CoMat',8);
    INSERT INTO ThamGiaTNV(MaTaiKhoan,MaChienDich,TrangThaiDuyet,NgayDangKy,DiemDanhGia) VALUES(v_tk_tnv(26),v_cd_ids(7),'HoanThanh',DATE '2024-10-20',8.5) RETURNING MaThamGia INTO v_tmp;
    INSERT INTO PhanCong(MaThamGia,MaCongViec,TrangThai) VALUES(v_tmp,v_cv_ids(19),'HoanThanh');
    INSERT INTO DiemDanh(MaThamGia,NgayDiemDanh,TrangThai,SoGioGhiNhan) VALUES(v_tmp,DATE '2024-10-20','CoMat',8);
    INSERT INTO ThamGiaTNV(MaTaiKhoan,MaChienDich,TrangThaiDuyet,NgayDangKy) VALUES(v_tk_tnv(33),v_cd_ids(8),'ChoDuyet',DATE '2025-01-20');
    INSERT INTO ThamGiaTNV(MaTaiKhoan,MaChienDich,TrangThaiDuyet,NgayDangKy) VALUES(v_tk_tnv(12),v_cd_ids(8),'ChoDuyet',DATE '2025-01-20');
    INSERT INTO ThamGiaTNV(MaTaiKhoan,MaChienDich,TrangThaiDuyet,NgayDangKy) VALUES(v_tk_tnv(40),v_cd_ids(8),'ChoDuyet',DATE '2025-01-20');
    INSERT INTO ThamGiaTNV(MaTaiKhoan,MaChienDich,TrangThaiDuyet,NgayDangKy) VALUES(v_tk_tnv(7),v_cd_ids(8),'ChoDuyet',DATE '2025-01-20');
    INSERT INTO ThamGiaTNV(MaTaiKhoan,MaChienDich,TrangThaiDuyet,NgayDangKy) VALUES(v_tk_tnv(20),v_cd_ids(8),'ChoDuyet',DATE '2025-01-20');
    INSERT INTO ThamGiaTNV(MaTaiKhoan,MaChienDich,TrangThaiDuyet,NgayDangKy) VALUES(v_tk_tnv(38),v_cd_ids(8),'ChoDuyet',DATE '2025-01-20');
    INSERT INTO ThamGiaTNV(MaTaiKhoan,MaChienDich,TrangThaiDuyet,NgayDangKy) VALUES(v_tk_tnv(13),v_cd_ids(8),'ChoDuyet',DATE '2025-01-20');
    INSERT INTO ThamGiaTNV(MaTaiKhoan,MaChienDich,TrangThaiDuyet,NgayDangKy) VALUES(v_tk_tnv(10),v_cd_ids(8),'ChoDuyet',DATE '2025-01-20');
    INSERT INTO ThamGiaTNV(MaTaiKhoan,MaChienDich,TrangThaiDuyet,NgayDangKy) VALUES(v_tk_tnv(24),v_cd_ids(8),'DaDuyet',DATE '2025-01-20') RETURNING MaThamGia INTO v_tmp;
    INSERT INTO PhanCong(MaThamGia,MaCongViec,TrangThai) VALUES(v_tmp,v_cv_ids(24),'DangThucHien');
    INSERT INTO ThamGiaTNV(MaTaiKhoan,MaChienDich,TrangThaiDuyet,NgayDangKy) VALUES(v_tk_tnv(25),v_cd_ids(8),'DaDuyet',DATE '2025-01-20') RETURNING MaThamGia INTO v_tmp;
    INSERT INTO PhanCong(MaThamGia,MaCongViec,TrangThai) VALUES(v_tmp,v_cv_ids(22),'DangThucHien');
    INSERT INTO ThamGiaTNV(MaTaiKhoan,MaChienDich,TrangThaiDuyet,NgayDangKy) VALUES(v_tk_tnv(6),v_cd_ids(8),'DaDuyet',DATE '2025-01-20') RETURNING MaThamGia INTO v_tmp;
    INSERT INTO PhanCong(MaThamGia,MaCongViec,TrangThai) VALUES(v_tmp,v_cv_ids(23),'DangThucHien');
    INSERT INTO ThamGiaTNV(MaTaiKhoan,MaChienDich,TrangThaiDuyet,NgayDangKy) VALUES(v_tk_tnv(18),v_cd_ids(8),'DaDuyet',DATE '2025-01-20') RETURNING MaThamGia INTO v_tmp;
    INSERT INTO PhanCong(MaThamGia,MaCongViec,TrangThai) VALUES(v_tmp,v_cv_ids(24),'DangThucHien');
    INSERT INTO ThamGiaTNV(MaTaiKhoan,MaChienDich,TrangThaiDuyet,NgayDangKy) VALUES(v_tk_tnv(31),v_cd_ids(8),'DaDuyet',DATE '2025-01-20') RETURNING MaThamGia INTO v_tmp;
    INSERT INTO PhanCong(MaThamGia,MaCongViec,TrangThai) VALUES(v_tmp,v_cv_ids(22),'DangThucHien');
    INSERT INTO ThamGiaTNV(MaTaiKhoan,MaChienDich,TrangThaiDuyet,NgayDangKy) VALUES(v_tk_tnv(17),v_cd_ids(8),'DaDuyet',DATE '2025-01-20') RETURNING MaThamGia INTO v_tmp;
    INSERT INTO PhanCong(MaThamGia,MaCongViec,TrangThai) VALUES(v_tmp,v_cv_ids(23),'DangThucHien');
    INSERT INTO ThamGiaTNV(MaTaiKhoan,MaChienDich,TrangThaiDuyet,NgayDangKy) VALUES(v_tk_tnv(1),v_cd_ids(8),'DaDuyet',DATE '2025-01-20') RETURNING MaThamGia INTO v_tmp;
    INSERT INTO PhanCong(MaThamGia,MaCongViec,TrangThai) VALUES(v_tmp,v_cv_ids(24),'DangThucHien');
    INSERT INTO ThamGiaTNV(MaTaiKhoan,MaChienDich,TrangThaiDuyet,NgayDangKy) VALUES(v_tk_tnv(36),v_cd_ids(8),'DaDuyet',DATE '2025-01-20') RETURNING MaThamGia INTO v_tmp;
    INSERT INTO PhanCong(MaThamGia,MaCongViec,TrangThai) VALUES(v_tmp,v_cv_ids(22),'DangThucHien');
    INSERT INTO ThamGiaTNV(MaTaiKhoan,MaChienDich,TrangThaiDuyet,NgayDangKy) VALUES(v_tk_tnv(11),v_cd_ids(8),'DaDuyet',DATE '2025-01-20') RETURNING MaThamGia INTO v_tmp;
    INSERT INTO PhanCong(MaThamGia,MaCongViec,TrangThai) VALUES(v_tmp,v_cv_ids(23),'DangThucHien');
    INSERT INTO ThamGiaTNV(MaTaiKhoan,MaChienDich,TrangThaiDuyet,NgayDangKy) VALUES(v_tk_tnv(16),v_cd_ids(8),'DaDuyet',DATE '2025-01-20') RETURNING MaThamGia INTO v_tmp;
    INSERT INTO PhanCong(MaThamGia,MaCongViec,TrangThai) VALUES(v_tmp,v_cv_ids(24),'DangThucHien');
    INSERT INTO ThamGiaTNV(MaTaiKhoan,MaChienDich,TrangThaiDuyet,NgayDangKy) VALUES(v_tk_tnv(26),v_cd_ids(8),'DaDuyet',DATE '2025-01-20') RETURNING MaThamGia INTO v_tmp;
    INSERT INTO PhanCong(MaThamGia,MaCongViec,TrangThai) VALUES(v_tmp,v_cv_ids(22),'DangThucHien');
    INSERT INTO ThamGiaTNV(MaTaiKhoan,MaChienDich,TrangThaiDuyet,NgayDangKy) VALUES(v_tk_tnv(4),v_cd_ids(8),'DaDuyet',DATE '2025-01-20') RETURNING MaThamGia INTO v_tmp;
    INSERT INTO PhanCong(MaThamGia,MaCongViec,TrangThai) VALUES(v_tmp,v_cv_ids(23),'DangThucHien');
    INSERT INTO ThamGiaTNV(MaTaiKhoan,MaChienDich,TrangThaiDuyet,NgayDangKy) VALUES(v_tk_tnv(39),v_cd_ids(8),'DaDuyet',DATE '2025-01-20') RETURNING MaThamGia INTO v_tmp;
    INSERT INTO PhanCong(MaThamGia,MaCongViec,TrangThai) VALUES(v_tmp,v_cv_ids(24),'DangThucHien');
    INSERT INTO ThamGiaTNV(MaTaiKhoan,MaChienDich,TrangThaiDuyet,NgayDangKy) VALUES(v_tk_tnv(35),v_cd_ids(8),'DaDuyet',DATE '2025-01-20') RETURNING MaThamGia INTO v_tmp;
    INSERT INTO PhanCong(MaThamGia,MaCongViec,TrangThai) VALUES(v_tmp,v_cv_ids(22),'DangThucHien');
    INSERT INTO ThamGiaTNV(MaTaiKhoan,MaChienDich,TrangThaiDuyet,NgayDangKy) VALUES(v_tk_tnv(8),v_cd_ids(8),'DaDuyet',DATE '2025-01-20') RETURNING MaThamGia INTO v_tmp;
    INSERT INTO PhanCong(MaThamGia,MaCongViec,TrangThai) VALUES(v_tmp,v_cv_ids(23),'DangThucHien');
    INSERT INTO ThamGiaTNV(MaTaiKhoan,MaChienDich,TrangThaiDuyet,NgayDangKy) VALUES(v_tk_tnv(2),v_cd_ids(8),'DaDuyet',DATE '2025-01-20') RETURNING MaThamGia INTO v_tmp;
    INSERT INTO PhanCong(MaThamGia,MaCongViec,TrangThai) VALUES(v_tmp,v_cv_ids(24),'DangThucHien');
    INSERT INTO ThamGiaTNV(MaTaiKhoan,MaChienDich,TrangThaiDuyet,NgayDangKy) VALUES(v_tk_tnv(29),v_cd_ids(8),'TuChoi',DATE '2025-01-20');
    INSERT INTO ThamGiaTNV(MaTaiKhoan,MaChienDich,TrangThaiDuyet,NgayDangKy) VALUES(v_tk_tnv(37),v_cd_ids(9),'ChoDuyet',DATE '2025-06-25');
    INSERT INTO ThamGiaTNV(MaTaiKhoan,MaChienDich,TrangThaiDuyet,NgayDangKy) VALUES(v_tk_tnv(6),v_cd_ids(9),'ChoDuyet',DATE '2025-06-25');
    INSERT INTO ThamGiaTNV(MaTaiKhoan,MaChienDich,TrangThaiDuyet,NgayDangKy) VALUES(v_tk_tnv(39),v_cd_ids(9),'ChoDuyet',DATE '2025-06-25');
    INSERT INTO ThamGiaTNV(MaTaiKhoan,MaChienDich,TrangThaiDuyet,NgayDangKy) VALUES(v_tk_tnv(32),v_cd_ids(9),'ChoDuyet',DATE '2025-06-25');
    INSERT INTO ThamGiaTNV(MaTaiKhoan,MaChienDich,TrangThaiDuyet,NgayDangKy) VALUES(v_tk_tnv(5),v_cd_ids(9),'ChoDuyet',DATE '2025-06-25');
    INSERT INTO ThamGiaTNV(MaTaiKhoan,MaChienDich,TrangThaiDuyet,NgayDangKy) VALUES(v_tk_tnv(35),v_cd_ids(9),'ChoDuyet',DATE '2025-06-25');
    INSERT INTO ThamGiaTNV(MaTaiKhoan,MaChienDich,TrangThaiDuyet,NgayDangKy) VALUES(v_tk_tnv(9),v_cd_ids(9),'ChoDuyet',DATE '2025-06-25');
    INSERT INTO ThamGiaTNV(MaTaiKhoan,MaChienDich,TrangThaiDuyet,NgayDangKy) VALUES(v_tk_tnv(34),v_cd_ids(9),'ChoDuyet',DATE '2025-06-25');
    INSERT INTO ThamGiaTNV(MaTaiKhoan,MaChienDich,TrangThaiDuyet,NgayDangKy) VALUES(v_tk_tnv(31),v_cd_ids(9),'ChoDuyet',DATE '2025-06-25');
    INSERT INTO ThamGiaTNV(MaTaiKhoan,MaChienDich,TrangThaiDuyet,NgayDangKy) VALUES(v_tk_tnv(40),v_cd_ids(9),'ChoDuyet',DATE '2025-06-25');
    INSERT INTO ThamGiaTNV(MaTaiKhoan,MaChienDich,TrangThaiDuyet,NgayDangKy) VALUES(v_tk_tnv(18),v_cd_ids(9),'DaDuyet',DATE '2025-06-25') RETURNING MaThamGia INTO v_tmp;
    INSERT INTO PhanCong(MaThamGia,MaCongViec,TrangThai) VALUES(v_tmp,v_cv_ids(26),'DangThucHien');
    INSERT INTO ThamGiaTNV(MaTaiKhoan,MaChienDich,TrangThaiDuyet,NgayDangKy) VALUES(v_tk_tnv(38),v_cd_ids(9),'DaDuyet',DATE '2025-06-25') RETURNING MaThamGia INTO v_tmp;
    INSERT INTO PhanCong(MaThamGia,MaCongViec,TrangThai) VALUES(v_tmp,v_cv_ids(27),'DangThucHien');
    INSERT INTO ThamGiaTNV(MaTaiKhoan,MaChienDich,TrangThaiDuyet,NgayDangKy) VALUES(v_tk_tnv(33),v_cd_ids(9),'DaDuyet',DATE '2025-06-25') RETURNING MaThamGia INTO v_tmp;
    INSERT INTO PhanCong(MaThamGia,MaCongViec,TrangThai) VALUES(v_tmp,v_cv_ids(25),'DangThucHien');
    INSERT INTO ThamGiaTNV(MaTaiKhoan,MaChienDich,TrangThaiDuyet,NgayDangKy) VALUES(v_tk_tnv(17),v_cd_ids(9),'DaDuyet',DATE '2025-06-25') RETURNING MaThamGia INTO v_tmp;
    INSERT INTO PhanCong(MaThamGia,MaCongViec,TrangThai) VALUES(v_tmp,v_cv_ids(26),'DangThucHien');
    INSERT INTO ThamGiaTNV(MaTaiKhoan,MaChienDich,TrangThaiDuyet,NgayDangKy) VALUES(v_tk_tnv(20),v_cd_ids(9),'DaDuyet',DATE '2025-06-25') RETURNING MaThamGia INTO v_tmp;
    INSERT INTO PhanCong(MaThamGia,MaCongViec,TrangThai) VALUES(v_tmp,v_cv_ids(27),'DangThucHien');
    INSERT INTO ThamGiaTNV(MaTaiKhoan,MaChienDich,TrangThaiDuyet,NgayDangKy) VALUES(v_tk_tnv(14),v_cd_ids(9),'DaDuyet',DATE '2025-06-25') RETURNING MaThamGia INTO v_tmp;
    INSERT INTO PhanCong(MaThamGia,MaCongViec,TrangThai) VALUES(v_tmp,v_cv_ids(25),'DangThucHien');
    INSERT INTO ThamGiaTNV(MaTaiKhoan,MaChienDich,TrangThaiDuyet,NgayDangKy) VALUES(v_tk_tnv(7),v_cd_ids(9),'DaDuyet',DATE '2025-06-25') RETURNING MaThamGia INTO v_tmp;
    INSERT INTO PhanCong(MaThamGia,MaCongViec,TrangThai) VALUES(v_tmp,v_cv_ids(26),'DangThucHien');
    INSERT INTO ThamGiaTNV(MaTaiKhoan,MaChienDich,TrangThaiDuyet,NgayDangKy) VALUES(v_tk_tnv(30),v_cd_ids(9),'DaDuyet',DATE '2025-06-25') RETURNING MaThamGia INTO v_tmp;
    INSERT INTO PhanCong(MaThamGia,MaCongViec,TrangThai) VALUES(v_tmp,v_cv_ids(27),'DangThucHien');
    INSERT INTO ThamGiaTNV(MaTaiKhoan,MaChienDich,TrangThaiDuyet,NgayDangKy) VALUES(v_tk_tnv(24),v_cd_ids(9),'DaDuyet',DATE '2025-06-25') RETURNING MaThamGia INTO v_tmp;
    INSERT INTO PhanCong(MaThamGia,MaCongViec,TrangThai) VALUES(v_tmp,v_cv_ids(25),'DangThucHien');
    INSERT INTO ThamGiaTNV(MaTaiKhoan,MaChienDich,TrangThaiDuyet,NgayDangKy) VALUES(v_tk_tnv(10),v_cd_ids(9),'DaDuyet',DATE '2025-06-25') RETURNING MaThamGia INTO v_tmp;
    INSERT INTO PhanCong(MaThamGia,MaCongViec,TrangThai) VALUES(v_tmp,v_cv_ids(26),'DangThucHien');
    INSERT INTO ThamGiaTNV(MaTaiKhoan,MaChienDich,TrangThaiDuyet,NgayDangKy) VALUES(v_tk_tnv(13),v_cd_ids(9),'DaDuyet',DATE '2025-06-25') RETURNING MaThamGia INTO v_tmp;
    INSERT INTO PhanCong(MaThamGia,MaCongViec,TrangThai) VALUES(v_tmp,v_cv_ids(27),'DangThucHien');
    INSERT INTO ThamGiaTNV(MaTaiKhoan,MaChienDich,TrangThaiDuyet,NgayDangKy) VALUES(v_tk_tnv(12),v_cd_ids(9),'DaDuyet',DATE '2025-06-25') RETURNING MaThamGia INTO v_tmp;
    INSERT INTO PhanCong(MaThamGia,MaCongViec,TrangThai) VALUES(v_tmp,v_cv_ids(25),'DangThucHien');
    INSERT INTO ThamGiaTNV(MaTaiKhoan,MaChienDich,TrangThaiDuyet,NgayDangKy) VALUES(v_tk_tnv(15),v_cd_ids(9),'DaDuyet',DATE '2025-06-25') RETURNING MaThamGia INTO v_tmp;
    INSERT INTO PhanCong(MaThamGia,MaCongViec,TrangThai) VALUES(v_tmp,v_cv_ids(26),'DangThucHien');
    INSERT INTO ThamGiaTNV(MaTaiKhoan,MaChienDich,TrangThaiDuyet,NgayDangKy) VALUES(v_tk_tnv(27),v_cd_ids(9),'DaDuyet',DATE '2025-06-25') RETURNING MaThamGia INTO v_tmp;
    INSERT INTO PhanCong(MaThamGia,MaCongViec,TrangThai) VALUES(v_tmp,v_cv_ids(27),'DangThucHien');
    INSERT INTO ThamGiaTNV(MaTaiKhoan,MaChienDich,TrangThaiDuyet,NgayDangKy) VALUES(v_tk_tnv(23),v_cd_ids(9),'DaDuyet',DATE '2025-06-25') RETURNING MaThamGia INTO v_tmp;
    INSERT INTO PhanCong(MaThamGia,MaCongViec,TrangThai) VALUES(v_tmp,v_cv_ids(25),'DangThucHien');
    INSERT INTO ThamGiaTNV(MaTaiKhoan,MaChienDich,TrangThaiDuyet,NgayDangKy) VALUES(v_tk_tnv(2),v_cd_ids(9),'DaDuyet',DATE '2025-06-25') RETURNING MaThamGia INTO v_tmp;
    INSERT INTO PhanCong(MaThamGia,MaCongViec,TrangThai) VALUES(v_tmp,v_cv_ids(26),'DangThucHien');
    INSERT INTO ThamGiaTNV(MaTaiKhoan,MaChienDich,TrangThaiDuyet,NgayDangKy) VALUES(v_tk_tnv(4),v_cd_ids(9),'DaDuyet',DATE '2025-06-25') RETURNING MaThamGia INTO v_tmp;
    INSERT INTO PhanCong(MaThamGia,MaCongViec,TrangThai) VALUES(v_tmp,v_cv_ids(27),'DangThucHien');
    INSERT INTO ThamGiaTNV(MaTaiKhoan,MaChienDich,TrangThaiDuyet,NgayDangKy) VALUES(v_tk_tnv(25),v_cd_ids(9),'DaDuyet',DATE '2025-06-25') RETURNING MaThamGia INTO v_tmp;
    INSERT INTO PhanCong(MaThamGia,MaCongViec,TrangThai) VALUES(v_tmp,v_cv_ids(25),'DangThucHien');
    INSERT INTO ThamGiaTNV(MaTaiKhoan,MaChienDich,TrangThaiDuyet,NgayDangKy) VALUES(v_tk_tnv(16),v_cd_ids(9),'DaDuyet',DATE '2025-06-25') RETURNING MaThamGia INTO v_tmp;
    INSERT INTO PhanCong(MaThamGia,MaCongViec,TrangThai) VALUES(v_tmp,v_cv_ids(26),'DangThucHien');
    INSERT INTO ThamGiaTNV(MaTaiKhoan,MaChienDich,TrangThaiDuyet,NgayDangKy) VALUES(v_tk_tnv(29),v_cd_ids(9),'TuChoi',DATE '2025-06-25');
    INSERT INTO ThamGiaTNV(MaTaiKhoan,MaChienDich,TrangThaiDuyet,NgayDangKy) VALUES(v_tk_tnv(2),v_cd_ids(10),'ChoDuyet',DATE '2025-04-06');
    INSERT INTO ThamGiaTNV(MaTaiKhoan,MaChienDich,TrangThaiDuyet,NgayDangKy) VALUES(v_tk_tnv(38),v_cd_ids(10),'ChoDuyet',DATE '2025-04-06');
    INSERT INTO ThamGiaTNV(MaTaiKhoan,MaChienDich,TrangThaiDuyet,NgayDangKy) VALUES(v_tk_tnv(36),v_cd_ids(10),'ChoDuyet',DATE '2025-04-06');
    INSERT INTO ThamGiaTNV(MaTaiKhoan,MaChienDich,TrangThaiDuyet,NgayDangKy) VALUES(v_tk_tnv(15),v_cd_ids(10),'ChoDuyet',DATE '2025-04-06');
    INSERT INTO ThamGiaTNV(MaTaiKhoan,MaChienDich,TrangThaiDuyet,NgayDangKy) VALUES(v_tk_tnv(37),v_cd_ids(10),'ChoDuyet',DATE '2025-04-06');
    INSERT INTO ThamGiaTNV(MaTaiKhoan,MaChienDich,TrangThaiDuyet,NgayDangKy) VALUES(v_tk_tnv(1),v_cd_ids(10),'ChoDuyet',DATE '2025-04-06');
    INSERT INTO ThamGiaTNV(MaTaiKhoan,MaChienDich,TrangThaiDuyet,NgayDangKy) VALUES(v_tk_tnv(5),v_cd_ids(10),'DaDuyet',DATE '2025-04-06') RETURNING MaThamGia INTO v_tmp;
    INSERT INTO PhanCong(MaThamGia,MaCongViec,TrangThai) VALUES(v_tmp,v_cv_ids(28),'DangThucHien');
    INSERT INTO ThamGiaTNV(MaTaiKhoan,MaChienDich,TrangThaiDuyet,NgayDangKy) VALUES(v_tk_tnv(4),v_cd_ids(10),'DaDuyet',DATE '2025-04-06') RETURNING MaThamGia INTO v_tmp;
    INSERT INTO PhanCong(MaThamGia,MaCongViec,TrangThai) VALUES(v_tmp,v_cv_ids(29),'DangThucHien');
    INSERT INTO ThamGiaTNV(MaTaiKhoan,MaChienDich,TrangThaiDuyet,NgayDangKy) VALUES(v_tk_tnv(39),v_cd_ids(10),'DaDuyet',DATE '2025-04-06') RETURNING MaThamGia INTO v_tmp;
    INSERT INTO PhanCong(MaThamGia,MaCongViec,TrangThai) VALUES(v_tmp,v_cv_ids(30),'DangThucHien');
    INSERT INTO ThamGiaTNV(MaTaiKhoan,MaChienDich,TrangThaiDuyet,NgayDangKy) VALUES(v_tk_tnv(3),v_cd_ids(10),'DaDuyet',DATE '2025-04-06') RETURNING MaThamGia INTO v_tmp;
    INSERT INTO PhanCong(MaThamGia,MaCongViec,TrangThai) VALUES(v_tmp,v_cv_ids(28),'DangThucHien');
    INSERT INTO ThamGiaTNV(MaTaiKhoan,MaChienDich,TrangThaiDuyet,NgayDangKy) VALUES(v_tk_tnv(29),v_cd_ids(10),'DaDuyet',DATE '2025-04-06') RETURNING MaThamGia INTO v_tmp;
    INSERT INTO PhanCong(MaThamGia,MaCongViec,TrangThai) VALUES(v_tmp,v_cv_ids(29),'DangThucHien');
    INSERT INTO ThamGiaTNV(MaTaiKhoan,MaChienDich,TrangThaiDuyet,NgayDangKy) VALUES(v_tk_tnv(40),v_cd_ids(10),'DaDuyet',DATE '2025-04-06') RETURNING MaThamGia INTO v_tmp;
    INSERT INTO PhanCong(MaThamGia,MaCongViec,TrangThai) VALUES(v_tmp,v_cv_ids(30),'DangThucHien');
    INSERT INTO ThamGiaTNV(MaTaiKhoan,MaChienDich,TrangThaiDuyet,NgayDangKy) VALUES(v_tk_tnv(28),v_cd_ids(10),'DaDuyet',DATE '2025-04-06') RETURNING MaThamGia INTO v_tmp;
    INSERT INTO PhanCong(MaThamGia,MaCongViec,TrangThai) VALUES(v_tmp,v_cv_ids(28),'DangThucHien');
    INSERT INTO ThamGiaTNV(MaTaiKhoan,MaChienDich,TrangThaiDuyet,NgayDangKy) VALUES(v_tk_tnv(11),v_cd_ids(10),'DaDuyet',DATE '2025-04-06') RETURNING MaThamGia INTO v_tmp;
    INSERT INTO PhanCong(MaThamGia,MaCongViec,TrangThai) VALUES(v_tmp,v_cv_ids(29),'DangThucHien');
    INSERT INTO ThamGiaTNV(MaTaiKhoan,MaChienDich,TrangThaiDuyet,NgayDangKy) VALUES(v_tk_tnv(31),v_cd_ids(10),'DaDuyet',DATE '2025-04-06') RETURNING MaThamGia INTO v_tmp;
    INSERT INTO PhanCong(MaThamGia,MaCongViec,TrangThai) VALUES(v_tmp,v_cv_ids(30),'DangThucHien');
    INSERT INTO ThamGiaTNV(MaTaiKhoan,MaChienDich,TrangThaiDuyet,NgayDangKy) VALUES(v_tk_tnv(17),v_cd_ids(10),'DaDuyet',DATE '2025-04-06') RETURNING MaThamGia INTO v_tmp;
    INSERT INTO PhanCong(MaThamGia,MaCongViec,TrangThai) VALUES(v_tmp,v_cv_ids(28),'DangThucHien');
    INSERT INTO ThamGiaTNV(MaTaiKhoan,MaChienDich,TrangThaiDuyet,NgayDangKy) VALUES(v_tk_tnv(8),v_cd_ids(10),'DaDuyet',DATE '2025-04-06') RETURNING MaThamGia INTO v_tmp;
    INSERT INTO PhanCong(MaThamGia,MaCongViec,TrangThai) VALUES(v_tmp,v_cv_ids(29),'DangThucHien');
    INSERT INTO ThamGiaTNV(MaTaiKhoan,MaChienDich,TrangThaiDuyet,NgayDangKy) VALUES(v_tk_tnv(9),v_cd_ids(10),'DaDuyet',DATE '2025-04-06') RETURNING MaThamGia INTO v_tmp;
    INSERT INTO PhanCong(MaThamGia,MaCongViec,TrangThai) VALUES(v_tmp,v_cv_ids(30),'DangThucHien');
    INSERT INTO ThamGiaTNV(MaTaiKhoan,MaChienDich,TrangThaiDuyet,NgayDangKy) VALUES(v_tk_tnv(22),v_cd_ids(10),'DaDuyet',DATE '2025-04-06') RETURNING MaThamGia INTO v_tmp;
    INSERT INTO PhanCong(MaThamGia,MaCongViec,TrangThai) VALUES(v_tmp,v_cv_ids(28),'DangThucHien');
    INSERT INTO ThamGiaTNV(MaTaiKhoan,MaChienDich,TrangThaiDuyet,NgayDangKy) VALUES(v_tk_tnv(16),v_cd_ids(10),'TuChoi',DATE '2025-04-06');
    SP_CAP_CHUNGNHAN_CD(v_cd_ids(1));
    SP_CAP_CHUNGNHAN_CD(v_cd_ids(2));
    SP_CAP_CHUNGNHAN_CD(v_cd_ids(3));
    SP_CAP_CHUNGNHAN_CD(v_cd_ids(4));
    SP_CAP_CHUNGNHAN_CD(v_cd_ids(5));
    SP_CAP_CHUNGNHAN_CD(v_cd_ids(6));
    SP_CAP_CHUNGNHAN_CD(v_cd_ids(7));
    INSERT INTO TaiTro(MaTaiTro,MaDoiTac,MaChienDich,LoaiTaiTro,GiaTriTaiTro,NgayTaiTro) VALUES('TT001',v_dt_ids(2),v_cd_ids(1),N'Tai tro tai chinh',20000000,DATE '2024-01-15');
    INSERT INTO QuyenGopTien(MaQuyenGop,MaTaiKhoan,MaChienDich,SoTien,PhuongThuc,NgayGiaoDich) VALUES('QG010',v_tk_tnv(1),v_cd_ids(1),1666666,'ChuyenKhoan',DATE '2024-01-15') RETURNING MaQuyenGop INTO v_tmp;
    INSERT INTO ThanhToan(MaThanhToan,MaQuyenGop,TrangThaiThanhToan,MaGiaoDichNganHang) VALUES('TT010',v_tmp,'ThanhCong','TXN-1-1');
    INSERT INTO QuyenGopTien(MaQuyenGop,MaTaiKhoan,MaChienDich,SoTien,PhuongThuc,NgayGiaoDich) VALUES('QG011',v_tk_tnv(5),v_cd_ids(1),1666666,'ChuyenKhoan',DATE '2024-01-15') RETURNING MaQuyenGop INTO v_tmp;
    INSERT INTO ThanhToan(MaThanhToan,MaQuyenGop,TrangThaiThanhToan,MaGiaoDichNganHang) VALUES('TT011',v_tmp,'ThanhCong','TXN-1-5');
    INSERT INTO QuyenGopTien(MaQuyenGop,MaTaiKhoan,MaChienDich,SoTien,PhuongThuc,NgayGiaoDich) VALUES('QG012',v_tk_tnv(10),v_cd_ids(1),1666666,'ChuyenKhoan',DATE '2024-01-15') RETURNING MaQuyenGop INTO v_tmp;
    INSERT INTO ThanhToan(MaThanhToan,MaQuyenGop,TrangThaiThanhToan,MaGiaoDichNganHang) VALUES('TT012',v_tmp,'ThanhCong','TXN-1-10');
    INSERT INTO MinhChungChiTieu(MaMinhChung,HinhAnh_URL,LoaiMinhChung,NgayCapNhat) VALUES('MC001','http://img.com/1','Hoa Don',DATE '2024-01-15');
    INSERT INTO ChiTieu(MaChiTieu,MaChienDich,TenKhoanChi,SoTienChi,NgayChi,MucDich,MaMinhChung,MaNguoiChi) VALUES('CT001',v_cd_ids(1),N'Chi phi van chuyen',10000000,DATE '2024-01-15',N'Van chuyen','MC001',v_tk_bdh(1));
    INSERT INTO MinhChungChiTieu(MaMinhChung,HinhAnh_URL,LoaiMinhChung,NgayCapNhat) VALUES('MC002','http://img.com/2','Hoa Don',DATE '2024-01-15');
    INSERT INTO ChiTieu(MaChiTieu,MaChienDich,TenKhoanChi,SoTienChi,NgayChi,MucDich,MaMinhChung,MaNguoiChi) VALUES('CT002',v_cd_ids(1),N'Mua nhu yeu pham',10000000,DATE '2024-01-15',N'Hang hoa','MC002',v_tk_bdh(1));
    INSERT INTO TaiTro(MaTaiTro,MaDoiTac,MaChienDich,LoaiTaiTro,GiaTriTaiTro,NgayTaiTro) VALUES('TT002',v_dt_ids(2),v_cd_ids(2),N'Tai tro tai chinh',96000000,DATE '2024-07-01');
    INSERT INTO QuyenGopTien(MaQuyenGop,MaTaiKhoan,MaChienDich,SoTien,PhuongThuc,NgayGiaoDich) VALUES('QG020',v_tk_tnv(1),v_cd_ids(2),8000000,'ChuyenKhoan',DATE '2024-07-01') RETURNING MaQuyenGop INTO v_tmp;
    INSERT INTO ThanhToan(MaThanhToan,MaQuyenGop,TrangThaiThanhToan,MaGiaoDichNganHang) VALUES('TT020',v_tmp,'ThanhCong','TXN-2-1');
    INSERT INTO QuyenGopTien(MaQuyenGop,MaTaiKhoan,MaChienDich,SoTien,PhuongThuc,NgayGiaoDich) VALUES('QG021',v_tk_tnv(5),v_cd_ids(2),8000000,'ChuyenKhoan',DATE '2024-07-01') RETURNING MaQuyenGop INTO v_tmp;
    INSERT INTO ThanhToan(MaThanhToan,MaQuyenGop,TrangThaiThanhToan,MaGiaoDichNganHang) VALUES('TT021',v_tmp,'ThanhCong','TXN-2-5');
    INSERT INTO QuyenGopTien(MaQuyenGop,MaTaiKhoan,MaChienDich,SoTien,PhuongThuc,NgayGiaoDich) VALUES('QG022',v_tk_tnv(10),v_cd_ids(2),8000000,'ChuyenKhoan',DATE '2024-07-01') RETURNING MaQuyenGop INTO v_tmp;
    INSERT INTO ThanhToan(MaThanhToan,MaQuyenGop,TrangThaiThanhToan,MaGiaoDichNganHang) VALUES('TT022',v_tmp,'ThanhCong','TXN-2-10');
    INSERT INTO MinhChungChiTieu(MaMinhChung,HinhAnh_URL,LoaiMinhChung,NgayCapNhat) VALUES('MC003','http://img.com/1','Hoa Don',DATE '2024-07-01');
    INSERT INTO ChiTieu(MaChiTieu,MaChienDich,TenKhoanChi,SoTienChi,NgayChi,MucDich,MaMinhChung,MaNguoiChi) VALUES('CT003',v_cd_ids(2),N'Chi phi van chuyen',55000000,DATE '2024-07-01',N'Van chuyen','MC003',v_tk_bdh(2));
    INSERT INTO MinhChungChiTieu(MaMinhChung,HinhAnh_URL,LoaiMinhChung,NgayCapNhat) VALUES('MC004','http://img.com/2','Hoa Don',DATE '2024-07-01');
    INSERT INTO ChiTieu(MaChiTieu,MaChienDich,TenKhoanChi,SoTienChi,NgayChi,MucDich,MaMinhChung,MaNguoiChi) VALUES('CT004',v_cd_ids(2),N'Mua nhu yeu pham',55000000,DATE '2024-07-01',N'Hang hoa','MC004',v_tk_bdh(2));
    INSERT INTO TaiTro(MaTaiTro,MaDoiTac,MaChienDich,LoaiTaiTro,GiaTriTaiTro,NgayTaiTro) VALUES('TT003',v_dt_ids(2),v_cd_ids(3),N'Tai tro tai chinh',32000000,DATE '2024-06-25');
    INSERT INTO QuyenGopTien(MaQuyenGop,MaTaiKhoan,MaChienDich,SoTien,PhuongThuc,NgayGiaoDich) VALUES('QG030',v_tk_tnv(1),v_cd_ids(3),2666666,'ChuyenKhoan',DATE '2024-06-25') RETURNING MaQuyenGop INTO v_tmp;
    INSERT INTO ThanhToan(MaThanhToan,MaQuyenGop,TrangThaiThanhToan,MaGiaoDichNganHang) VALUES('TT030',v_tmp,'ThanhCong','TXN-3-1');
    INSERT INTO QuyenGopTien(MaQuyenGop,MaTaiKhoan,MaChienDich,SoTien,PhuongThuc,NgayGiaoDich) VALUES('QG031',v_tk_tnv(5),v_cd_ids(3),2666666,'ChuyenKhoan',DATE '2024-06-25') RETURNING MaQuyenGop INTO v_tmp;
    INSERT INTO ThanhToan(MaThanhToan,MaQuyenGop,TrangThaiThanhToan,MaGiaoDichNganHang) VALUES('TT031',v_tmp,'ThanhCong','TXN-3-5');
    INSERT INTO QuyenGopTien(MaQuyenGop,MaTaiKhoan,MaChienDich,SoTien,PhuongThuc,NgayGiaoDich) VALUES('QG032',v_tk_tnv(10),v_cd_ids(3),2666666,'ChuyenKhoan',DATE '2024-06-25') RETURNING MaQuyenGop INTO v_tmp;
    INSERT INTO ThanhToan(MaThanhToan,MaQuyenGop,TrangThaiThanhToan,MaGiaoDichNganHang) VALUES('TT032',v_tmp,'ThanhCong','TXN-3-10');
    INSERT INTO MinhChungChiTieu(MaMinhChung,HinhAnh_URL,LoaiMinhChung,NgayCapNhat) VALUES('MC005','http://img.com/1','Hoa Don',DATE '2024-06-25');
    INSERT INTO ChiTieu(MaChiTieu,MaChienDich,TenKhoanChi,SoTienChi,NgayChi,MucDich,MaMinhChung,MaNguoiChi) VALUES('CT005',v_cd_ids(3),N'Chi phi van chuyen',17500000,DATE '2024-06-25',N'Van chuyen','MC005',v_tk_bdh(3));
    INSERT INTO MinhChungChiTieu(MaMinhChung,HinhAnh_URL,LoaiMinhChung,NgayCapNhat) VALUES('MC006','http://img.com/2','Hoa Don',DATE '2024-06-25');
    INSERT INTO ChiTieu(MaChiTieu,MaChienDich,TenKhoanChi,SoTienChi,NgayChi,MucDich,MaMinhChung,MaNguoiChi) VALUES('CT006',v_cd_ids(3),N'Mua nhu yeu pham',17500000,DATE '2024-06-25',N'Hang hoa','MC006',v_tk_bdh(3));
    INSERT INTO TaiTro(MaTaiTro,MaDoiTac,MaChienDich,LoaiTaiTro,GiaTriTaiTro,NgayTaiTro) VALUES('TT004',v_dt_ids(2),v_cd_ids(4),N'Tai tro tai chinh',12000000,DATE '2024-03-10');
    INSERT INTO QuyenGopTien(MaQuyenGop,MaTaiKhoan,MaChienDich,SoTien,PhuongThuc,NgayGiaoDich) VALUES('QG040',v_tk_tnv(1),v_cd_ids(4),1000000,'ChuyenKhoan',DATE '2024-03-10') RETURNING MaQuyenGop INTO v_tmp;
    INSERT INTO ThanhToan(MaThanhToan,MaQuyenGop,TrangThaiThanhToan,MaGiaoDichNganHang) VALUES('TT040',v_tmp,'ThanhCong','TXN-4-1');
    INSERT INTO QuyenGopTien(MaQuyenGop,MaTaiKhoan,MaChienDich,SoTien,PhuongThuc,NgayGiaoDich) VALUES('QG041',v_tk_tnv(5),v_cd_ids(4),1000000,'ChuyenKhoan',DATE '2024-03-10') RETURNING MaQuyenGop INTO v_tmp;
    INSERT INTO ThanhToan(MaThanhToan,MaQuyenGop,TrangThaiThanhToan,MaGiaoDichNganHang) VALUES('TT041',v_tmp,'ThanhCong','TXN-4-5');
    INSERT INTO QuyenGopTien(MaQuyenGop,MaTaiKhoan,MaChienDich,SoTien,PhuongThuc,NgayGiaoDich) VALUES('QG042',v_tk_tnv(10),v_cd_ids(4),1000000,'ChuyenKhoan',DATE '2024-03-10') RETURNING MaQuyenGop INTO v_tmp;
    INSERT INTO ThanhToan(MaThanhToan,MaQuyenGop,TrangThaiThanhToan,MaGiaoDichNganHang) VALUES('TT042',v_tmp,'ThanhCong','TXN-4-10');
    INSERT INTO MinhChungChiTieu(MaMinhChung,HinhAnh_URL,LoaiMinhChung,NgayCapNhat) VALUES('MC007','http://img.com/1','Hoa Don',DATE '2024-03-10');
    INSERT INTO ChiTieu(MaChiTieu,MaChienDich,TenKhoanChi,SoTienChi,NgayChi,MucDich,MaMinhChung,MaNguoiChi) VALUES('CT007',v_cd_ids(4),N'Chi phi van chuyen',5000000,DATE '2024-03-10',N'Van chuyen','MC007',v_tk_bdh(4));
    INSERT INTO MinhChungChiTieu(MaMinhChung,HinhAnh_URL,LoaiMinhChung,NgayCapNhat) VALUES('MC008','http://img.com/2','Hoa Don',DATE '2024-03-10');
    INSERT INTO ChiTieu(MaChiTieu,MaChienDich,TenKhoanChi,SoTienChi,NgayChi,MucDich,MaMinhChung,MaNguoiChi) VALUES('CT008',v_cd_ids(4),N'Mua nhu yeu pham',5000000,DATE '2024-03-10',N'Hang hoa','MC008',v_tk_bdh(4));
    INSERT INTO TaiTro(MaTaiTro,MaDoiTac,MaChienDich,LoaiTaiTro,GiaTriTaiTro,NgayTaiTro) VALUES('TT005',v_dt_ids(2),v_cd_ids(5),N'Tai tro tai chinh',20000000,DATE '2024-04-14');
    INSERT INTO QuyenGopTien(MaQuyenGop,MaTaiKhoan,MaChienDich,SoTien,PhuongThuc,NgayGiaoDich) VALUES('QG050',v_tk_tnv(1),v_cd_ids(5),1666666,'ChuyenKhoan',DATE '2024-04-14') RETURNING MaQuyenGop INTO v_tmp;
    INSERT INTO ThanhToan(MaThanhToan,MaQuyenGop,TrangThaiThanhToan,MaGiaoDichNganHang) VALUES('TT050',v_tmp,'ThanhCong','TXN-5-1');
    INSERT INTO QuyenGopTien(MaQuyenGop,MaTaiKhoan,MaChienDich,SoTien,PhuongThuc,NgayGiaoDich) VALUES('QG051',v_tk_tnv(5),v_cd_ids(5),1666666,'ChuyenKhoan',DATE '2024-04-14') RETURNING MaQuyenGop INTO v_tmp;
    INSERT INTO ThanhToan(MaThanhToan,MaQuyenGop,TrangThaiThanhToan,MaGiaoDichNganHang) VALUES('TT051',v_tmp,'ThanhCong','TXN-5-5');
    INSERT INTO QuyenGopTien(MaQuyenGop,MaTaiKhoan,MaChienDich,SoTien,PhuongThuc,NgayGiaoDich) VALUES('QG052',v_tk_tnv(10),v_cd_ids(5),1666666,'ChuyenKhoan',DATE '2024-04-14') RETURNING MaQuyenGop INTO v_tmp;
    INSERT INTO ThanhToan(MaThanhToan,MaQuyenGop,TrangThaiThanhToan,MaGiaoDichNganHang) VALUES('TT052',v_tmp,'ThanhCong','TXN-5-10');
    INSERT INTO MinhChungChiTieu(MaMinhChung,HinhAnh_URL,LoaiMinhChung,NgayCapNhat) VALUES('MC009','http://img.com/1','Hoa Don',DATE '2024-04-14');
    INSERT INTO ChiTieu(MaChiTieu,MaChienDich,TenKhoanChi,SoTienChi,NgayChi,MucDich,MaMinhChung,MaNguoiChi) VALUES('CT009',v_cd_ids(5),N'Chi phi van chuyen',10000000,DATE '2024-04-14',N'Van chuyen','MC009',v_tk_bdh(5));
    INSERT INTO MinhChungChiTieu(MaMinhChung,HinhAnh_URL,LoaiMinhChung,NgayCapNhat) VALUES('MC010','http://img.com/2','Hoa Don',DATE '2024-04-14');
    INSERT INTO ChiTieu(MaChiTieu,MaChienDich,TenKhoanChi,SoTienChi,NgayChi,MucDich,MaMinhChung,MaNguoiChi) VALUES('CT010',v_cd_ids(5),N'Mua nhu yeu pham',10000000,DATE '2024-04-14',N'Hang hoa','MC010',v_tk_bdh(5));
    INSERT INTO TaiTro(MaTaiTro,MaDoiTac,MaChienDich,LoaiTaiTro,GiaTriTaiTro,NgayTaiTro) VALUES('TT006',v_dt_ids(2),v_cd_ids(6),N'Tai tro tai chinh',48000000,DATE '2024-11-01');
    INSERT INTO QuyenGopTien(MaQuyenGop,MaTaiKhoan,MaChienDich,SoTien,PhuongThuc,NgayGiaoDich) VALUES('QG060',v_tk_tnv(1),v_cd_ids(6),4000000,'ChuyenKhoan',DATE '2024-11-01') RETURNING MaQuyenGop INTO v_tmp;
    INSERT INTO ThanhToan(MaThanhToan,MaQuyenGop,TrangThaiThanhToan,MaGiaoDichNganHang) VALUES('TT060',v_tmp,'ThanhCong','TXN-6-1');
    INSERT INTO QuyenGopTien(MaQuyenGop,MaTaiKhoan,MaChienDich,SoTien,PhuongThuc,NgayGiaoDich) VALUES('QG061',v_tk_tnv(5),v_cd_ids(6),4000000,'ChuyenKhoan',DATE '2024-11-01') RETURNING MaQuyenGop INTO v_tmp;
    INSERT INTO ThanhToan(MaThanhToan,MaQuyenGop,TrangThaiThanhToan,MaGiaoDichNganHang) VALUES('TT061',v_tmp,'ThanhCong','TXN-6-5');
    INSERT INTO QuyenGopTien(MaQuyenGop,MaTaiKhoan,MaChienDich,SoTien,PhuongThuc,NgayGiaoDich) VALUES('QG062',v_tk_tnv(10),v_cd_ids(6),4000000,'ChuyenKhoan',DATE '2024-11-01') RETURNING MaQuyenGop INTO v_tmp;
    INSERT INTO ThanhToan(MaThanhToan,MaQuyenGop,TrangThaiThanhToan,MaGiaoDichNganHang) VALUES('TT062',v_tmp,'ThanhCong','TXN-6-10');
    INSERT INTO MinhChungChiTieu(MaMinhChung,HinhAnh_URL,LoaiMinhChung,NgayCapNhat) VALUES('MC011','http://img.com/1','Hoa Don',DATE '2024-11-01');
    INSERT INTO ChiTieu(MaChiTieu,MaChienDich,TenKhoanChi,SoTienChi,NgayChi,MucDich,MaMinhChung,MaNguoiChi) VALUES('CT011',v_cd_ids(6),N'Chi phi van chuyen',27500000,DATE '2024-11-01',N'Van chuyen','MC011',v_tk_bdh(6));
    INSERT INTO MinhChungChiTieu(MaMinhChung,HinhAnh_URL,LoaiMinhChung,NgayCapNhat) VALUES('MC012','http://img.com/2','Hoa Don',DATE '2024-11-01');
    INSERT INTO ChiTieu(MaChiTieu,MaChienDich,TenKhoanChi,SoTienChi,NgayChi,MucDich,MaMinhChung,MaNguoiChi) VALUES('CT012',v_cd_ids(6),N'Mua nhu yeu pham',27500000,DATE '2024-11-01',N'Hang hoa','MC012',v_tk_bdh(6));
    INSERT INTO TaiTro(MaTaiTro,MaDoiTac,MaChienDich,LoaiTaiTro,GiaTriTaiTro,NgayTaiTro) VALUES('TT007',v_dt_ids(2),v_cd_ids(7),N'Tai tro tai chinh',480000000,DATE '2024-10-20');
    INSERT INTO QuyenGopTien(MaQuyenGop,MaTaiKhoan,MaChienDich,SoTien,PhuongThuc,NgayGiaoDich) VALUES('QG070',v_tk_tnv(1),v_cd_ids(7),40000000,'ChuyenKhoan',DATE '2024-10-20') RETURNING MaQuyenGop INTO v_tmp;
    INSERT INTO ThanhToan(MaThanhToan,MaQuyenGop,TrangThaiThanhToan,MaGiaoDichNganHang) VALUES('TT070',v_tmp,'ThanhCong','TXN-7-1');
    INSERT INTO QuyenGopTien(MaQuyenGop,MaTaiKhoan,MaChienDich,SoTien,PhuongThuc,NgayGiaoDich) VALUES('QG071',v_tk_tnv(5),v_cd_ids(7),40000000,'ChuyenKhoan',DATE '2024-10-20') RETURNING MaQuyenGop INTO v_tmp;
    INSERT INTO ThanhToan(MaThanhToan,MaQuyenGop,TrangThaiThanhToan,MaGiaoDichNganHang) VALUES('TT071',v_tmp,'ThanhCong','TXN-7-5');
    INSERT INTO QuyenGopTien(MaQuyenGop,MaTaiKhoan,MaChienDich,SoTien,PhuongThuc,NgayGiaoDich) VALUES('QG072',v_tk_tnv(10),v_cd_ids(7),40000000,'ChuyenKhoan',DATE '2024-10-20') RETURNING MaQuyenGop INTO v_tmp;
    INSERT INTO ThanhToan(MaThanhToan,MaQuyenGop,TrangThaiThanhToan,MaGiaoDichNganHang) VALUES('TT072',v_tmp,'ThanhCong','TXN-7-10');
    INSERT INTO MinhChungChiTieu(MaMinhChung,HinhAnh_URL,LoaiMinhChung,NgayCapNhat) VALUES('MC013','http://img.com/1','Hoa Don',DATE '2024-10-20');
    INSERT INTO ChiTieu(MaChiTieu,MaChienDich,TenKhoanChi,SoTienChi,NgayChi,MucDich,MaMinhChung,MaNguoiChi) VALUES('CT013',v_cd_ids(7),N'Chi phi van chuyen',290000000,DATE '2024-10-20',N'Van chuyen','MC013',v_tk_bdh(7));
    INSERT INTO MinhChungChiTieu(MaMinhChung,HinhAnh_URL,LoaiMinhChung,NgayCapNhat) VALUES('MC014','http://img.com/2','Hoa Don',DATE '2024-10-20');
    INSERT INTO ChiTieu(MaChiTieu,MaChienDich,TenKhoanChi,SoTienChi,NgayChi,MucDich,MaMinhChung,MaNguoiChi) VALUES('CT014',v_cd_ids(7),N'Mua nhu yeu pham',290000000,DATE '2024-10-20',N'Hang hoa','MC014',v_tk_bdh(7));
    INSERT INTO TaiTro(MaTaiTro,MaDoiTac,MaChienDich,LoaiTaiTro,GiaTriTaiTro,NgayTaiTro) VALUES('TT008',v_dt_ids(2),v_cd_ids(8),N'Tai tro tai chinh',8000000,DATE '2025-01-20');
    INSERT INTO QuyenGopTien(MaQuyenGop,MaTaiKhoan,MaChienDich,SoTien,PhuongThuc,NgayGiaoDich) VALUES('QG080',v_tk_tnv(1),v_cd_ids(8),666666,'ChuyenKhoan',DATE '2025-01-20') RETURNING MaQuyenGop INTO v_tmp;
    INSERT INTO ThanhToan(MaThanhToan,MaQuyenGop,TrangThaiThanhToan,MaGiaoDichNganHang) VALUES('TT080',v_tmp,'ThanhCong','TXN-8-1');
    INSERT INTO QuyenGopTien(MaQuyenGop,MaTaiKhoan,MaChienDich,SoTien,PhuongThuc,NgayGiaoDich) VALUES('QG081',v_tk_tnv(5),v_cd_ids(8),666666,'ChuyenKhoan',DATE '2025-01-20') RETURNING MaQuyenGop INTO v_tmp;
    INSERT INTO ThanhToan(MaThanhToan,MaQuyenGop,TrangThaiThanhToan,MaGiaoDichNganHang) VALUES('TT081',v_tmp,'ThanhCong','TXN-8-5');
    INSERT INTO QuyenGopTien(MaQuyenGop,MaTaiKhoan,MaChienDich,SoTien,PhuongThuc,NgayGiaoDich) VALUES('QG082',v_tk_tnv(10),v_cd_ids(8),666666,'ChuyenKhoan',DATE '2025-01-20') RETURNING MaQuyenGop INTO v_tmp;
    INSERT INTO ThanhToan(MaThanhToan,MaQuyenGop,TrangThaiThanhToan,MaGiaoDichNganHang) VALUES('TT082',v_tmp,'ThanhCong','TXN-8-10');
    INSERT INTO MinhChungChiTieu(MaMinhChung,HinhAnh_URL,LoaiMinhChung,NgayCapNhat) VALUES('MC015','http://img.com/1','Hoa Don',DATE '2025-01-20');
    INSERT INTO ChiTieu(MaChiTieu,MaChienDich,TenKhoanChi,SoTienChi,NgayChi,MucDich,MaMinhChung,MaNguoiChi) VALUES('CT015',v_cd_ids(8),N'Chi phi van chuyen',1000000,DATE '2025-01-20',N'Van chuyen','MC015',v_tk_bdh(8));
    INSERT INTO MinhChungChiTieu(MaMinhChung,HinhAnh_URL,LoaiMinhChung,NgayCapNhat) VALUES('MC016','http://img.com/2','Hoa Don',DATE '2025-01-20');
    INSERT INTO ChiTieu(MaChiTieu,MaChienDich,TenKhoanChi,SoTienChi,NgayChi,MucDich,MaMinhChung,MaNguoiChi) VALUES('CT016',v_cd_ids(8),N'Mua nhu yeu pham',1000000,DATE '2025-01-20',N'Hang hoa','MC016',v_tk_bdh(8));
    INSERT INTO TaiTro(MaTaiTro,MaDoiTac,MaChienDich,LoaiTaiTro,GiaTriTaiTro,NgayTaiTro) VALUES('TT009',v_dt_ids(2),v_cd_ids(9),N'Tai tro tai chinh',12000000,DATE '2025-06-25');
    INSERT INTO QuyenGopTien(MaQuyenGop,MaTaiKhoan,MaChienDich,SoTien,PhuongThuc,NgayGiaoDich) VALUES('QG090',v_tk_tnv(1),v_cd_ids(9),1000000,'ChuyenKhoan',DATE '2025-06-25') RETURNING MaQuyenGop INTO v_tmp;
    INSERT INTO ThanhToan(MaThanhToan,MaQuyenGop,TrangThaiThanhToan,MaGiaoDichNganHang) VALUES('TT090',v_tmp,'ThanhCong','TXN-9-1');
    INSERT INTO QuyenGopTien(MaQuyenGop,MaTaiKhoan,MaChienDich,SoTien,PhuongThuc,NgayGiaoDich) VALUES('QG091',v_tk_tnv(5),v_cd_ids(9),1000000,'ChuyenKhoan',DATE '2025-06-25') RETURNING MaQuyenGop INTO v_tmp;
    INSERT INTO ThanhToan(MaThanhToan,MaQuyenGop,TrangThaiThanhToan,MaGiaoDichNganHang) VALUES('TT091',v_tmp,'ThanhCong','TXN-9-5');
    INSERT INTO QuyenGopTien(MaQuyenGop,MaTaiKhoan,MaChienDich,SoTien,PhuongThuc,NgayGiaoDich) VALUES('QG092',v_tk_tnv(10),v_cd_ids(9),1000000,'ChuyenKhoan',DATE '2025-06-25') RETURNING MaQuyenGop INTO v_tmp;
    INSERT INTO ThanhToan(MaThanhToan,MaQuyenGop,TrangThaiThanhToan,MaGiaoDichNganHang) VALUES('TT092',v_tmp,'ThanhCong','TXN-9-10');
    INSERT INTO TaiTro(MaTaiTro,MaDoiTac,MaChienDich,LoaiTaiTro,GiaTriTaiTro,NgayTaiTro) VALUES('TT010',v_dt_ids(2),v_cd_ids(10),N'Tai tro tai chinh',4000000,DATE '2025-04-06');
    INSERT INTO QuyenGopTien(MaQuyenGop,MaTaiKhoan,MaChienDich,SoTien,PhuongThuc,NgayGiaoDich) VALUES('QG100',v_tk_tnv(1),v_cd_ids(10),333333,'ChuyenKhoan',DATE '2025-04-06') RETURNING MaQuyenGop INTO v_tmp;
    INSERT INTO ThanhToan(MaThanhToan,MaQuyenGop,TrangThaiThanhToan,MaGiaoDichNganHang) VALUES('TT100',v_tmp,'ThanhCong','TXN-10-1');
    INSERT INTO QuyenGopTien(MaQuyenGop,MaTaiKhoan,MaChienDich,SoTien,PhuongThuc,NgayGiaoDich) VALUES('QG101',v_tk_tnv(5),v_cd_ids(10),333333,'ChuyenKhoan',DATE '2025-04-06') RETURNING MaQuyenGop INTO v_tmp;
    INSERT INTO ThanhToan(MaThanhToan,MaQuyenGop,TrangThaiThanhToan,MaGiaoDichNganHang) VALUES('TT101',v_tmp,'ThanhCong','TXN-10-5');
    INSERT INTO QuyenGopTien(MaQuyenGop,MaTaiKhoan,MaChienDich,SoTien,PhuongThuc,NgayGiaoDich) VALUES('QG102',v_tk_tnv(10),v_cd_ids(10),333333,'ChuyenKhoan',DATE '2025-04-06') RETURNING MaQuyenGop INTO v_tmp;
    INSERT INTO ThanhToan(MaThanhToan,MaQuyenGop,TrangThaiThanhToan,MaGiaoDichNganHang) VALUES('TT102',v_tmp,'ThanhCong','TXN-10-10');
    INSERT INTO PhieuQuyenGopVP(MaPhieuQG,MaTaiKhoan,MaChienDich,NgayTiepNhan,NguoiNhan) VALUES('PQG001',v_tk_admin,v_cd_ids(7),DATE '2024-10-20',N'Admin');
    INSERT INTO ChiTietQuyenGopVP(MaPhieuQG,MaLoai,SoLuong) VALUES('PQG001',v_loai_ids(6),1000);
    INSERT INTO KhoChienDich(MaChienDich,MaLoai,SoLuongTon) VALUES(v_cd_ids(7),v_loai_ids(6),1000);
    INSERT INTO PhieuXuatVatPham(MaPhieuXuat,MaChienDich,NgayXuat,NguoiXuat,NguoiNhan) VALUES('PX001',v_cd_ids(7),DATE '2024-10-20',N'Admin',N'TNV');
    INSERT INTO ChiTietXuatVP(MaPhieuXuat,MaLoai,SoLuong) VALUES('PX001',v_loai_ids(6),950);
    UPDATE KhoChienDich SET SoLuongTon = SoLuongTon - 950 WHERE MaChienDich=v_cd_ids(7) AND MaLoai=v_loai_ids(6);
    INSERT INTO PhieuQuyenGopVP(MaPhieuQG,MaTaiKhoan,MaChienDich,NgayTiepNhan,NguoiNhan) VALUES('PQG002',v_tk_admin,v_cd_ids(7),DATE '2024-10-20',N'Admin');
    INSERT INTO ChiTietQuyenGopVP(MaPhieuQG,MaLoai,SoLuong) VALUES('PQG002',v_loai_ids(7),500);
    INSERT INTO KhoChienDich(MaChienDich,MaLoai,SoLuongTon) VALUES(v_cd_ids(7),v_loai_ids(7),500);
    INSERT INTO PhieuXuatVatPham(MaPhieuXuat,MaChienDich,NgayXuat,NguoiXuat,NguoiNhan) VALUES('PX002',v_cd_ids(7),DATE '2024-10-20',N'Admin',N'TNV');
    INSERT INTO ChiTietXuatVP(MaPhieuXuat,MaLoai,SoLuong) VALUES('PX002',v_loai_ids(7),480);
    UPDATE KhoChienDich SET SoLuongTon = SoLuongTon - 480 WHERE MaChienDich=v_cd_ids(7) AND MaLoai=v_loai_ids(7);
    INSERT INTO PhieuQuyenGopVP(MaPhieuQG,MaTaiKhoan,MaChienDich,NgayTiepNhan,NguoiNhan) VALUES('PQG003',v_tk_admin,v_cd_ids(7),DATE '2024-10-20',N'Admin');
    INSERT INTO ChiTietQuyenGopVP(MaPhieuQG,MaLoai,SoLuong) VALUES('PQG003',v_loai_ids(8),200);
    INSERT INTO KhoChienDich(MaChienDich,MaLoai,SoLuongTon) VALUES(v_cd_ids(7),v_loai_ids(8),200);
    INSERT INTO PhieuXuatVatPham(MaPhieuXuat,MaChienDich,NgayXuat,NguoiXuat,NguoiNhan) VALUES('PX003',v_cd_ids(7),DATE '2024-10-20',N'Admin',N'TNV');
    INSERT INTO ChiTietXuatVP(MaPhieuXuat,MaLoai,SoLuong) VALUES('PX003',v_loai_ids(8),190);
    UPDATE KhoChienDich SET SoLuongTon = SoLuongTon - 190 WHERE MaChienDich=v_cd_ids(7) AND MaLoai=v_loai_ids(8);
    INSERT INTO PhieuQuyenGopVP(MaPhieuQG,MaTaiKhoan,MaChienDich,NgayTiepNhan,NguoiNhan) VALUES('PQG004',v_tk_admin,v_cd_ids(4),DATE '2024-03-10',N'Admin');
    INSERT INTO ChiTietQuyenGopVP(MaPhieuQG,MaLoai,SoLuong) VALUES('PQG004',v_loai_ids(9),300);
    INSERT INTO KhoChienDich(MaChienDich,MaLoai,SoLuongTon) VALUES(v_cd_ids(4),v_loai_ids(9),300);
    INSERT INTO PhieuXuatVatPham(MaPhieuXuat,MaChienDich,NgayXuat,NguoiXuat,NguoiNhan) VALUES('PX004',v_cd_ids(4),DATE '2024-03-10',N'Admin',N'TNV');
    INSERT INTO ChiTietXuatVP(MaPhieuXuat,MaLoai,SoLuong) VALUES('PX004',v_loai_ids(9),300);
    UPDATE KhoChienDich SET SoLuongTon = SoLuongTon - 300 WHERE MaChienDich=v_cd_ids(4) AND MaLoai=v_loai_ids(9);
    INSERT INTO PhieuQuyenGopVP(MaPhieuQG,MaTaiKhoan,MaChienDich,NgayTiepNhan,NguoiNhan) VALUES('PQG005',v_tk_admin,v_cd_ids(4),DATE '2024-03-10',N'Admin');
    INSERT INTO ChiTietQuyenGopVP(MaPhieuQG,MaLoai,SoLuong) VALUES('PQG005',v_loai_ids(10),50);
    INSERT INTO KhoChienDich(MaChienDich,MaLoai,SoLuongTon) VALUES(v_cd_ids(4),v_loai_ids(10),50);
    INSERT INTO PhieuXuatVatPham(MaPhieuXuat,MaChienDich,NgayXuat,NguoiXuat,NguoiNhan) VALUES('PX005',v_cd_ids(4),DATE '2024-03-10',N'Admin',N'TNV');
    INSERT INTO ChiTietXuatVP(MaPhieuXuat,MaLoai,SoLuong) VALUES('PX005',v_loai_ids(10),50);
    UPDATE KhoChienDich SET SoLuongTon = SoLuongTon - 50 WHERE MaChienDich=v_cd_ids(4) AND MaLoai=v_loai_ids(10);
    INSERT INTO PhieuQuyenGopVP(MaPhieuQG,MaTaiKhoan,MaChienDich,NgayTiepNhan,NguoiNhan) VALUES('PQG006',v_tk_admin,v_cd_ids(6),DATE '2024-11-01',N'Admin');
    INSERT INTO ChiTietQuyenGopVP(MaPhieuQG,MaLoai,SoLuong) VALUES('PQG006',v_loai_ids(11),200);
    INSERT INTO KhoChienDich(MaChienDich,MaLoai,SoLuongTon) VALUES(v_cd_ids(6),v_loai_ids(11),200);
    INSERT INTO PhieuXuatVatPham(MaPhieuXuat,MaChienDich,NgayXuat,NguoiXuat,NguoiNhan) VALUES('PX006',v_cd_ids(6),DATE '2024-11-01',N'Admin',N'TNV');
    INSERT INTO ChiTietXuatVP(MaPhieuXuat,MaLoai,SoLuong) VALUES('PX006',v_loai_ids(11),195);
    UPDATE KhoChienDich SET SoLuongTon = SoLuongTon - 195 WHERE MaChienDich=v_cd_ids(6) AND MaLoai=v_loai_ids(11);
    INSERT INTO PhieuQuyenGopVP(MaPhieuQG,MaTaiKhoan,MaChienDich,NgayTiepNhan,NguoiNhan) VALUES('PQG007',v_tk_admin,v_cd_ids(6),DATE '2024-11-01',N'Admin');
    INSERT INTO ChiTietQuyenGopVP(MaPhieuQG,MaLoai,SoLuong) VALUES('PQG007',v_loai_ids(12),400);
    INSERT INTO KhoChienDich(MaChienDich,MaLoai,SoLuongTon) VALUES(v_cd_ids(6),v_loai_ids(12),400);
    INSERT INTO PhieuXuatVatPham(MaPhieuXuat,MaChienDich,NgayXuat,NguoiXuat,NguoiNhan) VALUES('PX007',v_cd_ids(6),DATE '2024-11-01',N'Admin',N'TNV');
    INSERT INTO ChiTietXuatVP(MaPhieuXuat,MaLoai,SoLuong) VALUES('PX007',v_loai_ids(12),390);
    UPDATE KhoChienDich SET SoLuongTon = SoLuongTon - 390 WHERE MaChienDich=v_cd_ids(6) AND MaLoai=v_loai_ids(12);
    INSERT INTO PhieuQuyenGopVP(MaPhieuQG,MaTaiKhoan,MaChienDich,NgayTiepNhan,NguoiNhan) VALUES('PQG008',v_tk_admin,v_cd_ids(6),DATE '2024-11-01',N'Admin');
    INSERT INTO ChiTietQuyenGopVP(MaPhieuQG,MaLoai,SoLuong) VALUES('PQG008',v_loai_ids(5),500);
    INSERT INTO KhoChienDich(MaChienDich,MaLoai,SoLuongTon) VALUES(v_cd_ids(6),v_loai_ids(5),500);
    INSERT INTO PhieuXuatVatPham(MaPhieuXuat,MaChienDich,NgayXuat,NguoiXuat,NguoiNhan) VALUES('PX008',v_cd_ids(6),DATE '2024-11-01',N'Admin',N'TNV');
    INSERT INTO ChiTietXuatVP(MaPhieuXuat,MaLoai,SoLuong) VALUES('PX008',v_loai_ids(5),480);
    UPDATE KhoChienDich SET SoLuongTon = SoLuongTon - 480 WHERE MaChienDich=v_cd_ids(6) AND MaLoai=v_loai_ids(5);
    INSERT INTO PhieuQuyenGopVP(MaPhieuQG,MaTaiKhoan,MaChienDich,NgayTiepNhan,NguoiNhan) VALUES('PQG009',v_tk_admin,v_cd_ids(1),DATE '2024-01-15',N'Admin');
    INSERT INTO ChiTietQuyenGopVP(MaPhieuQG,MaLoai,SoLuong) VALUES('PQG009',v_loai_ids(1),100);
    INSERT INTO KhoChienDich(MaChienDich,MaLoai,SoLuongTon) VALUES(v_cd_ids(1),v_loai_ids(1),100);
    INSERT INTO PhieuXuatVatPham(MaPhieuXuat,MaChienDich,NgayXuat,NguoiXuat,NguoiNhan) VALUES('PX009',v_cd_ids(1),DATE '2024-01-15',N'Admin',N'TNV');
    INSERT INTO ChiTietXuatVP(MaPhieuXuat,MaLoai,SoLuong) VALUES('PX009',v_loai_ids(1),90);
    UPDATE KhoChienDich SET SoLuongTon = SoLuongTon - 90 WHERE MaChienDich=v_cd_ids(1) AND MaLoai=v_loai_ids(1);
    INSERT INTO PhieuQuyenGopVP(MaPhieuQG,MaTaiKhoan,MaChienDich,NgayTiepNhan,NguoiNhan) VALUES('PQG010',v_tk_admin,v_cd_ids(1),DATE '2024-01-15',N'Admin');
    INSERT INTO ChiTietQuyenGopVP(MaPhieuQG,MaLoai,SoLuong) VALUES('PQG010',v_loai_ids(2),100);
    INSERT INTO KhoChienDich(MaChienDich,MaLoai,SoLuongTon) VALUES(v_cd_ids(1),v_loai_ids(2),100);
    INSERT INTO PhieuXuatVatPham(MaPhieuXuat,MaChienDich,NgayXuat,NguoiXuat,NguoiNhan) VALUES('PX010',v_cd_ids(1),DATE '2024-01-15',N'Admin',N'TNV');
    INSERT INTO ChiTietXuatVP(MaPhieuXuat,MaLoai,SoLuong) VALUES('PX010',v_loai_ids(2),95);
    UPDATE KhoChienDich SET SoLuongTon = SoLuongTon - 95 WHERE MaChienDich=v_cd_ids(1) AND MaLoai=v_loai_ids(2);
    INSERT INTO PhieuQuyenGopVP(MaPhieuQG,MaTaiKhoan,MaChienDich,NgayTiepNhan,NguoiNhan) VALUES('PQG011',v_tk_admin,v_cd_ids(8),DATE '2025-01-20',N'Admin');
    INSERT INTO ChiTietQuyenGopVP(MaPhieuQG,MaLoai,SoLuong) VALUES('PQG011',v_loai_ids(1),100);
    INSERT INTO KhoChienDich(MaChienDich,MaLoai,SoLuongTon) VALUES(v_cd_ids(8),v_loai_ids(1),100);
    INSERT INTO PhieuQuyenGopVP(MaPhieuQG,MaTaiKhoan,MaChienDich,NgayTiepNhan,NguoiNhan) VALUES('PQG012',v_tk_admin,v_cd_ids(8),DATE '2025-01-20',N'Admin');
    INSERT INTO ChiTietQuyenGopVP(MaPhieuQG,MaLoai,SoLuong) VALUES('PQG012',v_loai_ids(2),100);
    INSERT INTO KhoChienDich(MaChienDich,MaLoai,SoLuongTon) VALUES(v_cd_ids(8),v_loai_ids(2),100);
    INSERT INTO BinhLuan(MaBinhLuan,MaTinTuc,MaTaiKhoan,NoiDung) VALUES('BL001',v_tn_ids(1),v_tk_tnv(1),N'Chien dich rat tot!');
    INSERT INTO TheoDoi(MaTaiKhoan,MaChienDich) VALUES(v_tk_tnv(1),v_cd_ids(8));
    UPDATE HoSoSinhVien hs
    SET TongDiem = NVL(
        (SELECT SUM(tg.DiemDanhGia) + SUM(cd.DiemThuong)
         FROM ThamGiaTNV tg
         JOIN ChienDich cd ON tg.MaChienDich = cd.MaChienDich
         WHERE tg.MaTaiKhoan = hs.MaTaiKhoan AND tg.TrangThaiDuyet = 'HoanThanh'), 0);
    EXECUTE IMMEDIATE 'ALTER TRIGGER TRG_CHANXOA_CHIENDICH ENABLE';
    EXECUTE IMMEDIATE 'ALTER TRIGGER TRG_KIEMTRA_THOIGIAN ENABLE';
    EXECUTE IMMEDIATE 'ALTER TRIGGER TRG_KIEMTRA_TRUNG_LICH ENABLE';
    EXECUTE IMMEDIATE 'ALTER TRIGGER TRG_KIEMTRA_SOLUONG_DANGKY ENABLE';
    COMMIT;
    DBMS_OUTPUT.PUT_LINE('>> SEED DATA DEMO HOAN THANH THANH CONG!');
EXCEPTION
    WHEN OTHERS THEN
        EXECUTE IMMEDIATE 'ALTER TRIGGER TRG_CHANXOA_CHIENDICH ENABLE';
        EXECUTE IMMEDIATE 'ALTER TRIGGER TRG_KIEMTRA_THOIGIAN ENABLE';
        EXECUTE IMMEDIATE 'ALTER TRIGGER TRG_KIEMTRA_TRUNG_LICH ENABLE';
        EXECUTE IMMEDIATE 'ALTER TRIGGER TRG_KIEMTRA_SOLUONG_DANGKY ENABLE';
        ROLLBACK;
        DBMS_OUTPUT.PUT_LINE('>> LOI: ' || SQLERRM);
        RAISE;
END;
/